POS,AF_ESP,AF_EXAC,AF_TGP
108121511,0.0,2e-05,0.0
1279430,0.0012,0.00115,0.0008
108150311,0.0002,5e-05,0.0
128037043,0.0023,0.00223,0.0004
58145038,0.0,0.0,0.0
32906558,0.0,0.00037,0.0016
90967593,0.0,1e-05,0.0
68229462,0.0014,0.00148,0.001
113760228,0.1628,0.20961,0.1909
242707175,0.0009,0.0006,0.0002
215595167,0.0,0.0,0.0
55582193,0.0,0.013330000000000002,0.0
28211921,0.0,0.0,0.364
18053754,0.0,0.0,0.0
45797705,0.0,1e-05,0.0
42474691,0.0,0.0,0.0
140707512,0.0,2.9999999999999997e-05,0.0
193332733,0.0006,0.00021,0.0008
1652418,0.0,0.0,0.0
131973811,0.0,1e-05,0.0
179400321,0.0,0.0,0.0
145003593,0.0,0.0,0.0
47423394,0.0,0.0,0.0
103019260,0.0111,0.026680000000000002,0.0116
11227645,0.0,0.0,0.0
6174414,0.2514,0.17538,0.2798
6412736,0.0018,0.0007599999999999999,0.0034
9923270,0.0001,0.00014,0.0
68500665,0.0,0.0001,0.0002
112174351,0.0,0.0,0.0
88499539,0.0,0.0,0.0
48758053,0.0001,0.00016999999999999999,0.001
90965556,0.0,0.0,0.0
7576913,0.0,0.0,0.0
48025850,0.0001,2e-05,0.0
19204258,0.0002,2.9999999999999997e-05,0.0
238268801,0.0,0.0,0.0
108119704,0.0,0.0,0.0
2161383,0.0,0.0,0.0
108137995,0.0,1e-05,0.0
30938692,0.0019,0.0019199999999999998,0.0004
17627613,0.0,0.0,0.0
131728181,0.0,0.0,0.0
45797175,0.0,0.0,0.0
179407152,0.0002,0.00028,0.0004
241710508,0.0001,8e-05,0.0
133202727,0.0001,2.9999999999999997e-05,0.0
152545711,0.0005,9e-05,0.0002
16445860,0.0006,0.00037,0.0016
179434890,0.0002,0.00014,0.0
108122584,0.0,0.0,0.0
31747755,0.0001,0.00033999999999999997,0.0
29576027,0.0,0.0,0.0
71829924,0.0052,0.00474,0.0018
7578388,0.0,2e-05,0.0
50902305,0.0,0.0,0.0
135785964,0.0001,2.9999999999999997e-05,0.0
9858518,0.0009,0.00047999999999999996,0.0002
197404300,0.0,2e-05,0.0
40759034,0.0,2.9999999999999997e-05,0.0002
108202748,0.0,0.0,0.0
62018143,0.0074,0.00214,0.0064
18429769,0.0001,9e-05,0.0
102514260,0.0,0.0,0.0
179605089,0.0,0.0,0.0
3494917,0.0062,0.0024,0.0056
55505668,0.0958,0.19139,0.0913
44116031,0.0,8e-05,0.0004
107329499,0.0012,0.0008699999999999999,0.0008
47551890,0.0008,0.00033999999999999997,0.0004
57993919,0.0042,0.00303,0.0048
11200104,0.0,0.0,0.0
19395685,0.0,5e-05,0.0
108121572,0.0,0.0,0.0
50364574,0.0025,0.0009400000000000001,0.0024
145004447,0.0,0.00022999999999999998,0.0004
108165684,0.0,0.0,0.0
50910293,0.0,0.0,0.0
17710564,0.0018,0.0005,0.0
158362386,0.0002,0.00058,0.0
72640142,0.0611,0.02675,0.0721
179593749,0.0003,0.00011999999999999999,0.0
44189576,0.0,0.0,0.0
32937381,0.0,0.0,0.0
140075141,0.0002,5e-05,0.0
2121574,0.0,0.0,0.0
41869392,0.0,0.0,0.0
152737695,0.0,0.0,0.0
70356863,0.0008,0.0,0.0223
1782667,0.0,0.00057,0.0
49434820,0.0017,0.00124,0.0004
139402715,0.0022,0.0030399999999999997,0.0016
152639400,0.0,0.0,0.0
47788544,0.0021,0.00374,0.0012
95372764,0.0721,0.07786,0.0429
32893310,0.0,1e-05,0.0
66005970,0.4976,0.0,0.0
17117017,0.0,0.0001,0.0004
52485459,0.0,0.0,0.0
33430520,0.0002,2.9999999999999997e-05,0.0
2134318,0.0001,0.00027,0.0002
3304411,0.0,0.0,0.0
26241025,0.094,0.056979999999999996,0.0741
2161666,0.0107,0.02331,0.004
159624692,0.0,1e-05,0.0
10475652,0.2246,0.27684000000000003,0.2658
20763265,0.0,0.0,0.0
23894051,0.0,2.9999999999999997e-05,0.0002
91333976,0.0,0.0,0.0
134398412,0.0,0.0,0.0
11221316,0.0,0.0,0.0
70443765,0.0,0.0,0.0
23895242,0.0,0.0,0.0
95590676,0.0002,0.00018999999999999998,0.0004
29099546,0.0,2e-05,0.0
33031357,0.0,1e-05,0.0
135203910,0.0,0.0,0.0
12059092,0.0004,0.00037,0.0
133218899,0.0,0.0,0.0
81691938,0.0,0.0,0.0
156105759,0.0001,2.9999999999999997e-05,0.0
68857361,0.0002,2.9999999999999997e-05,0.0
89685275,0.0,0.0,0.0
137222912,0.0,0.0,0.0
2122868,0.0048,0.0015300000000000001,0.0058
78084744,0.0,0.0,0.0
47545825,0.0,0.0,0.0
41219633,0.0,0.0,0.0
123869623,0.0004,0.0007,0.0
100653062,0.0,0.0,0.0
108142111,0.0,0.0,0.0
166179835,0.0002,4e-05,0.0004
66519049,0.0,0.0,0.0
196963258,0.0,0.0,0.0
47259529,0.0005,0.00415,0.004
61205123,0.0001,0.00057,0.0012
110110787,0.0001,0.0006,0.0008
29443618,0.0001,0.00011999999999999999,0.0
76914195,0.0009,0.00066,0.0006
101894862,0.0002,0.0002,0.0
89711955,0.0,0.0,0.0
33296960,0.0088,0.00259,0.0088
43615035,0.0001,2.9999999999999997e-05,0.0
179582828,0.0,8e-05,0.0004
29125936,0.0071,0.0019399999999999999,0.0078
29679412,0.0007,0.00073,0.0
47753301,0.003,0.00099,0.0032
52534389,0.0,2e-05,0.0
119156193,0.0008,0.00288,0.0112
63534372,0.0,0.0,0.0
23632700,0.0,1e-05,0.0
152954116,0.0,0.0039,0.0013
36339531,0.0058,0.00374,0.0012
98229650,0.0,0.0,0.0
112175240,0.0083,0.00413,0.003
43121958,0.0019,0.00054,0.0018
97380157,0.0006,0.00054,0.0
95560289,0.0,0.0,0.0
44189648,0.0,0.0,0.0
71747899,0.4961,0.47553999999999996,0.3678
108160488,0.0,1e-05,0.0
71840506,0.0085,0.00263,0.0072
56774145,0.0,0.0,0.0
56772542,0.0,0.0,0.0
190106071,0.0,0.0,0.0
68715712,0.004,0.00381,0.0016
21995312,0.0082,0.00223,0.005
89873423,0.0,0.0,0.0
61764666,0.0019,0.00047000000000000004,0.0032
55322568,0.0041,0.00156,0.0038
14174102,0.0004,5.9999999999999995e-05,0.0
14868806,0.0,0.0,0.4336
3322119,0.0004,0.00016999999999999999,0.0
59761416,0.0,1e-05,0.0
48026617,0.0,0.0,0.0
64519958,0.0029,0.00288,0.0016
6415530,0.0015,0.00031,0.0004
112176595,0.0,0.0,0.0
48033693,0.0,0.0,0.0
21327652,0.0,0.0,0.0
4383414,0.0005,0.00058,0.0
112177816,0.0,8e-05,0.0002
17408544,0.0024,0.00045,0.0006
179443395,0.0,2.9999999999999997e-05,0.0
52442096,0.0,0.0,0.0
30732913,0.0,0.0,0.0
32914371,0.0005,0.00014,0.0
6640618,0.0005,0.00125,0.0002
29490390,0.0001,2.9999999999999997e-05,0.0
11200085,0.0,0.0,0.0
29676161,0.0,7e-05,0.0002
47703600,0.0,1e-05,0.0
7579343,0.0,0.0,0.0
108216453,0.0,0.0,0.0
53285144,0.0,0.0,0.0
32456726,0.0002,0.00202,0.0026
77755108,0.0001,7e-05,0.0002
44249224,0.0001,0.00031,0.0002
36697725,0.0005,0.0006799999999999999,0.0
218520336,0.0,0.0,0.0
95491490,0.004,0.00472,0.0012
100366260,0.0014,0.0017399999999999998,0.0004
7579466,0.0,1e-05,0.0
23614892,0.0,2e-05,0.0
11238761,0.0,0.0,0.0
11224419,0.0,2e-05,0.0
120468128,0.0081,0.00245,0.0068
13759080,0.0021,0.00061,0.002
94544977,0.0007,0.00049,0.0
59763351,0.0001,5.9999999999999995e-05,0.0
235922671,0.0047,0.00428,0.0036
48030838,0.0,0.0,0.0
100376389,0.0,0.0,0.0
52524488,0.0,0.0,0.0
108183175,0.0,0.0,0.0
108155170,0.0,5.9999999999999995e-05,0.0004
201330506,0.0,1e-05,0.0
32954034,0.0,2e-05,0.0
135224757,0.0075,0.009059999999999999,0.005
32482686,0.0036,0.0011300000000000001,0.0024
81922781,0.0,0.0,0.0
138418910,0.0,0.0,0.0
6027226,0.0,4e-05,0.0
64574700,0.0,0.0,0.0
238296762,0.0014,0.00021,0.0002
88466426,0.0007,0.00029,0.0
41243596,0.0,0.0,0.0
140672501,0.0,5.9999999999999995e-05,0.0002
17448713,0.0,4e-05,0.0
7568747,0.0005,0.00022999999999999998,0.0
23282625,0.0013,0.0008,0.0022
32890550,0.0,0.0,0.0
47354163,0.0,8e-05,0.0
133226036,0.0,0.0,0.0
47422608,0.0,0.0001,0.0
158626378,0.387,0.30927,0.4235
11222285,0.0,0.0,0.0
36691543,0.0019,0.00056,0.0024
153595205,0.0001,0.00966,0.0093
108173749,0.0002,2e-05,0.0
11224044,0.0,0.0,0.0
94512565,0.032,0.03071,0.0154
111678508,0.0221,0.02046,0.0116
236587,0.0,0.0,0.0
2160117,0.0107,0.00324,0.0108
68856036,0.0,1e-05,0.0
131945079,0.0,1e-05,0.0
1220517,0.0,0.00079,0.0008
32911743,0.0,0.0,0.0
133263886,0.0016,0.00195,0.0018
7577581,0.0,0.0,0.0
28497729,0.0001,9e-05,0.0002
112177868,0.0,0.0,0.0
4848683,0.0056,0.00439,0.01
29665154,0.0,0.0,0.0
13716620,0.0025,0.0020800000000000003,0.0006
108128319,0.0025,0.0008699999999999999,0.003
178879181,0.0038,0.0030399999999999997,0.0018
90993036,0.0,0.0,0.0
121980630,0.0027,0.0018399999999999998,0.0002
28983529,0.0073,0.00863,0.008
167055370,0.0026,0.001,0.0044
140963678,0.0,0.00346,0.0036
88683357,0.0,0.0,0.0
41201205,0.0,0.0,0.0
23647409,0.0,0.0,0.0
108127037,0.0,0.00011999999999999999,0.0006
49081055,0.0,0.0,0.0
109513601,0.0104,0.12996,0.2356
19970705,0.3252,0.40764,0.4139
12870804,0.0,0.0,0.0
52520404,0.0095,0.00589,0.0108
49425964,0.0002,0.00047999999999999996,0.0
50912023,0.0,2.9999999999999997e-05,0.0
10188296,0.0,0.0,0.0
7579441,0.0001,2.9999999999999997e-05,0.0
23894581,0.0,0.0,0.0
41256189,0.0,0.0,0.0
44890903,0.0092,0.0031100000000000004,0.0124
105180977,0.018,0.00592,0.022
179616121,0.005,0.0017800000000000001,0.0058
37089057,0.0,0.0,0.0
18506558,0.0073,0.00214,0.005
201047043,0.0,0.0,0.0
32380943,0.0,0.0,0.0
179478567,0.0093,0.0024,0.0096
155546124,0.0,0.0,0.0
158647522,0.4777,0.0,0.4539
152483662,0.0005,0.00041,0.0002
73082814,0.0117,0.00345,0.013
135776949,0.0,5.9999999999999995e-05,0.0
7124917,0.0,2e-05,0.0
89872222,0.0,2e-05,0.0
98221910,0.0002,2.9999999999999997e-05,0.0
19209708,0.0,1e-05,0.0
6595109,0.0001,2.9999999999999997e-05,0.0
59876664,0.0,0.0,0.0
228563911,0.0325,0.009309999999999999,0.0347
73718475,0.0,0.0,0.0
152468878,0.0,0.0,0.0
56483679,0.0023,0.00263,0.0014
179417478,0.0,0.0,0.0
7578231,0.0001,1e-05,0.0
61655170,0.0019,0.00042,0.0012
32382713,0.0,0.0,0.0
56787224,0.0001,1e-05,0.0
42936070,0.007,0.00238,0.0094
36493522,0.0,0.0005099999999999999,0.0
44192019,0.0001,0.0,0.0
1276467,0.0,0.02478,0.0152
26377331,0.0032,0.0021899999999999997,0.001
108196787,0.0,0.0,0.0
40542587,0.0,1e-05,0.0
108142141,0.0,0.0,0.0
102463407,0.1551,0.14395,0.2017
215645491,0.0,0.0,0.0
127613625,0.0002,0.00033999999999999997,0.0002
15809068,0.0025,0.00134,0.0
123663163,0.0055,0.00607,0.0022
241667353,0.0,0.0,0.0
40745898,0.0006,0.00392,0.0012
49419405,0.0,4e-05,0.0
121436068,0.1161,0.1144,0.1558
179578703,0.0023,0.00514,0.0046
38645350,0.0052,0.0014,0.0056
119580159,0.0,0.0,0.0
48772312,0.0,0.0,0.0
39234239,0.0,0.0,0.0
48703579,0.0001,2e-05,0.0002
533502,0.0,0.0,0.0
43614996,0.0,0.0,0.0
47434649,0.0,0.0,0.0003
236918313,0.0,0.00112,0.0006
95751221,0.0035,0.00256,0.0018
67250665,0.0006,0.00044,0.0002
22049596,0.0052,0.00371,0.0034
22095694,0.0084,0.00242,0.0056
6038792,0.0,0.0,0.0
29130431,0.0,2.9999999999999997e-05,0.0
37176091,0.1487,0.12394000000000001,0.1424
21721245,0.0,0.00468,0.009
23614995,0.0,0.0,0.0
179604076,0.0,8e-05,0.0002
133355180,0.0105,0.00278,0.0072
3342804,0.3151,0.29802,0.3794
38986951,0.0002,0.00013000000000000002,0.0002
37822067,0.0,2e-05,0.0
48010507,0.0,0.0,0.0
41222939,0.0,1e-05,0.0
76741000,0.0007,0.00059,0.0
23646469,0.0,0.0,0.0
3192707,0.0,0.0,0.0
98215834,0.0,0.0,0.0
71906171,0.0,0.0,0.0
152605230,0.0001,0.00011,0.0
73624463,0.0007,0.00018999999999999998,0.0006
130422301,0.0032,0.00359,0.0012
160093019,0.0,0.00043,0.001
129813508,0.0166,0.0051,0.0172
108202672,0.0,0.0,0.0
112178138,0.0,0.0,0.0
131380310,0.0,0.0016300000000000002,0.0028
129247936,0.0036,0.0032,0.0014
140728980,0.0,0.00022,0.001
7623941,0.0103,0.01098,0.0042
47863729,0.0028,0.00227,0.0008
202626437,0.0335,0.02493,0.0224
64625344,0.0123,0.013430000000000001,0.0076
32506104,0.0453,0.04541,0.0334
11098468,0.0,1e-05,0.0
49088374,0.0589,0.037880000000000004,0.054
73676944,0.0,0.0,0.0
49672775,0.0016,0.004379999999999999,0.004
143048877,0.0,1e-05,0.0
41267761,0.0,0.0,0.0
110922207,0.0,2e-05,0.0
179569928,0.0,0.0,0.0
91354556,0.0,0.0,0.0
2039776,0.0,0.0,0.0
6038872,0.0004,0.00013000000000000002,0.0002
73981299,0.0085,0.00772,0.0042
128485076,0.0,0.0,0.0
23649420,0.0,0.0,0.0
152521096,0.2951,0.30184,0.4349
46007823,0.0,0.0,0.0
58022849,0.0017,0.0036299999999999995,0.0026
176666860,0.0,0.0,0.0
112174820,0.0,0.0,0.0
32986032,0.0,0.28967,0.0
126071452,0.1177,0.07332999999999999,0.1592
3586543,0.2597,0.14678,0.2268
235652558,0.0,0.0,0.0
47703701,0.0,0.0,0.0
26859942,0.0,0.0,0.0
47359280,0.0001,0.0,0.0
95592936,0.0,0.00095,0.003
37053583,0.0,0.0,0.0
89623273,0.0,0.0,0.0
179463495,0.0,0.00013000000000000002,0.0
64690055,0.0,0.00121,0.0014
170155468,0.0,0.0,0.0
66729163,0.0,0.0,0.0
95569855,0.0,0.0,0.0
53676026,0.0002,9e-05,0.0002
41246554,0.0,0.0,0.0
150645618,0.0,1e-05,0.0
152501328,0.0,0.0,0.0
21932031,0.0297,0.02315,0.0355
11134286,0.0,0.0,0.0
43048933,0.0,1e-05,0.0
238280851,0.0,0.0,0.0
11224368,0.0001,8e-05,0.0
179620951,0.0,0.0,0.0
32914839,0.0,0.0,0.0
89717607,0.0,0.0,0.0
29483121,0.0,0.0,0.0
23871909,0.0401,0.02025,0.0423
45800182,0.0,0.0,0.0
38167706,0.0066,0.00185,0.005
42531907,0.0,0.0,0.0
145700356,0.0332,0.01142,0.0347
108218014,0.0,0.0,0.0
18828511,0.0002,2.9999999999999997e-05,0.0
41256241,0.0,0.0,0.0
135940439,0.0163,0.0050799999999999994,0.0172
70295047,0.0063,0.0053100000000000005,0.0034
2644829,0.001,0.00037,0.0012
10427969,0.0036,0.0011,0.004
19209758,0.0001,2e-05,0.0
6173515,0.0002,0.0016699999999999998,0.0042
100653063,0.0,0.0,0.0
179613672,0.0046,0.0016699999999999998,0.0046
48030825,0.0,0.0,0.0
137666727,0.0,1e-05,0.0
45797122,0.0,1e-05,0.0002
137716500,0.0,5.9999999999999995e-05,0.0002
59871088,0.0,4e-05,0.0
41226482,0.0,0.0,0.0
71906511,0.0,0.0,0.0
2238024,0.0,0.00367,0.0
114204009,0.0003,7e-05,0.0
32954295,0.0,2.9999999999999997e-05,0.0
146997339,0.0002,0.00018,0.0002
133219884,0.0,0.0,0.0
35524607,0.0002,0.01168,0.021
131923756,0.0001,2e-05,0.0
150671950,0.0,5.9999999999999995e-05,0.0
24758849,0.0001,0.0008900000000000001,0.0004
90967710,0.0,0.0,0.0
45000595,0.0,0.00022,0.0002
130580499,0.0,0.0,0.0
23634321,0.0,0.0,0.0
152014893,0.0032,0.00502,0.0016
27180228,0.0142,0.00997,0.008
152359935,0.0,0.0002,0.0002
289590,0.0,0.0,0.0
32893206,0.0,0.0,0.0
128498517,0.0134,0.01061,0.0238
41246314,0.0,0.0,0.0
131395568,0.0271,0.007370000000000001,0.0232
40900865,0.0,0.0,0.0
33963870,0.028,0.10697999999999999,0.1781
1221326,0.0,0.0,0.0
131395498,0.0003,0.00037,0.0002
120996292,0.0,0.0,0.0
48030686,0.0,0.0,0.0
63354784,0.0,0.0,0.0
74345104,0.0,0.0,0.0
47361205,0.0,0.00011999999999999999,0.0
1775350,0.0056,0.00165,0.005
38091917,0.0,0.0,0.0
38979906,0.0005,0.00013000000000000002,0.0
21818707,0.0027,0.0023899999999999998,0.0002
6022474,0.0,0.0,0.0
112173650,0.0,0.0,0.0
112177870,0.0,0.0,0.0
2577462,0.001,0.0011300000000000001,0.001
94118258,0.0842,0.10787999999999999,0.0959
1223168,0.0,0.0,0.0
72668305,0.0318,0.04319,0.0441
133233717,0.0,2e-05,0.0
108225557,0.0,0.0,0.0
123663098,0.0721,0.02089,0.0683
8133713,0.0,0.00053,0.0
90701011,0.0,0.0,0.0
90967509,0.0,0.0,0.0
78392445,0.0005,0.00065,0.0
135773000,0.0,0.0,0.0
1221987,0.0001,4e-05,0.0
179457531,0.0028,0.0009599999999999999,0.0024
32994009,0.0,0.00044,0.0012
6045556,0.0,0.0,0.0
241667464,0.0,0.0,0.0
29825015,0.0,0.0,0.0
44189372,0.0002,0.00011,0.0
89864098,0.0,0.0,0.0
179477529,0.0015,0.00446,0.006
2166542,0.0034,0.01152,0.0034
33445567,0.0005,0.00016999999999999999,0.0004
37089112,0.0,0.0,0.0
152655373,0.0009,0.00066,0.0002
215645817,0.0,0.0,0.0
6043352,0.0,1e-05,0.0
117307145,0.0001,2.9999999999999997e-05,0.0
238257252,0.0005,0.00014,0.0
216420190,0.0048,0.00146,0.0066
52172214,0.0002,0.00022,0.0
44485615,0.0,0.0,0.0
13902220,0.332,0.41862,0.3884
112043539,0.0,0.0,0.0
64575491,0.0,0.0,0.0
29667647,0.0,0.0,0.0
161293415,0.0,2.9999999999999997e-05,0.0
29684072,0.0,0.0,0.0
135204872,0.0,0.0,0.0
75513463,0.0116,0.015880000000000002,0.0112
51175743,0.01,0.00894,0.0078
57430849,0.0,0.00022,0.001
59934552,0.0,0.0,0.0
29657323,0.0,0.0,0.0
112178762,0.0002,2.9999999999999997e-05,0.0
15531163,0.0015,0.00218,0.0004
41246744,0.0,0.0,0.0
112175438,0.0,0.0,0.0
6357416,0.0008,0.00109,0.0
112179557,0.0002,8e-05,0.0004
23637663,0.0,0.0,0.0
215646042,0.0,4e-05,0.0
153296024,0.0001,5e-05,0.0
7578267,0.0001,1e-05,0.0
108186761,0.0,0.0,0.0
152511778,0.2905,0.34114,0.4309
152469439,0.0001,0.00018999999999999998,0.0004
41245476,0.0,0.0,0.0
108129778,0.0068,0.00216,0.0104
48032791,0.0,0.0,0.0
17355233,0.0,0.0,0.0
152539446,0.0002,0.0007099999999999999,0.001
42681132,0.0,0.0,0.0
42744419,0.0002,5e-05,0.0
47423715,0.0001,9e-05,0.0002
32910733,0.0,0.0,0.0
8990937,0.0101,0.00745,0.0
85961556,0.0017,0.0022600000000000003,0.003
37196028,0.0314,0.030260000000000002,0.0194
104264107,0.4796,0.48567,0.3962
179641327,0.0001,5e-05,0.0002
17474779,0.0008,0.00045999999999999996,0.0
237947171,0.0013,0.00086,0.0002
41244735,0.0,0.0,0.0
45935384,0.0,0.0,0.0
179641951,0.0055,0.0017399999999999998,0.0056
98986540,0.0006,0.00028,0.0
237972213,0.0,0.0,0.0
99661914,0.0,0.0,0.0
179579038,0.0,2e-05,0.0002
96058433,0.1354,0.13721,0.1068
26679362,0.0,0.0,0.0
29099564,0.0,0.00039,0.0
23635315,0.0,0.0,0.0
120984439,0.0051,0.00476,0.001
49471886,0.0,0.00018,0.0002
114254351,0.0027,0.00139,0.0024
108141983,0.0005,7e-05,0.0004
45797138,0.0,1e-05,0.0
1220591,0.0,0.0,0.0
22188289,0.0026,0.00134,0.0008
2164369,0.0006,0.00101,0.0012
32914430,0.0,0.0,0.0
127727788,0.0,2e-05,0.0
40764219,0.0012,0.00116,0.0002
179434185,0.0001,1e-05,0.0
77566385,0.0001,2e-05,0.0
14172373,0.0001,1e-05,0.0
45798555,0.0,0.0,0.0
32880006,0.0336,0.03347,0.013
7581175,0.0,8e-05,0.0002
131927675,0.0001,2e-05,0.0
103151461,0.0028,0.0007599999999999999,0.0028
58145092,0.0,0.0001,0.0
108128303,0.0,0.00011,0.0
67457403,0.0,0.0,0.0
153609158,0.0,0.00067,0.0011
6013088,0.0,0.0,0.0
108121410,0.0,0.0,0.0
48797307,0.2444,0.20059000000000002,0.2969
2610046,0.0002,8e-05,0.0
152420386,0.0,0.0013,0.0032
44944019,0.0,0.0,0.0
52912869,0.0106,0.0035299999999999997,0.0136
25031257,0.0,0.0,0.0
154548277,0.0002,0.00023999999999999998,0.0
23858697,0.003,0.00325,0.0042
135781170,0.0,0.0,0.0
112174498,0.0,0.0,0.0
57695604,0.1819,0.2784,0.2592
133248888,0.0001,1e-05,0.0
37053302,0.0,0.0,0.0
135786952,0.0,0.0,0.0
101557063,0.0052,0.0066,0.004
49141355,0.0,0.0,0.0
7577604,0.0,0.0,0.0
94564500,0.0,0.00137,0.0
95557679,0.0,2.9999999999999997e-05,0.0
47545507,0.0001,0.0007099999999999999,0.0024
179462685,0.0001,0.00022,0.0
215645966,0.0,1e-05,0.0
162864465,0.0032,0.00091,0.0028
47410331,0.0001,0.0011,0.0012
52440932,0.0,0.0,0.0
4822959,0.01,0.00391,0.0098
33445588,0.0001,4e-05,0.0
58144992,0.0,0.0,0.0
32915002,0.0,0.0,0.0
90052289,0.2529,0.34647,0.2961
56553703,0.0001,5.9999999999999995e-05,0.0002
242681923,0.0001,0.00016,0.0
98209742,0.0,0.00249,0.0046
124481168,0.0,0.0,0.0
112173495,0.0002,4e-05,0.0002
166904176,0.0018,0.00195,0.0012
52912959,0.1634,0.13524,0.1382
112178249,0.0,1e-05,0.0
90701010,0.0,1e-05,0.0
110226379,0.1303,0.1666,0.1803
135147195,0.0,0.0,0.0
191093019,0.0012,0.00072,0.0002
68856061,0.0,0.0,0.0
41337420,0.0023,0.00165,0.0008
45798843,0.0001,0.0,0.0
23647577,0.0,0.0,0.0
15686771,0.0,0.0,0.0
179594051,0.0,2e-05,0.0
150644816,0.0,0.00011999999999999999,0.0
23883032,0.0,1e-05,0.0
63533768,0.0,0.0,0.4461
5248393,0.0,0.0,0.0
156106204,0.0,0.0,0.0
59878833,0.0,0.0,0.0
152826541,0.0002,0.00015,0.0004
144990528,0.0,0.41913999999999996,0.477
116339745,0.0003,0.0006799999999999999,0.0002
223085955,0.0278,0.02665,0.0132
50905913,0.0003,0.00049,0.0004
45797526,0.0,0.0,0.0
6604361,0.0,0.0,0.0
43815560,0.0533,0.01733,0.0499
29663828,0.0,0.0,0.0
2683252,0.0168,0.00607,0.0156
103131196,0.0067,0.0019199999999999998,0.0064
201334784,0.0,2e-05,0.0
24175856,0.0,0.0,0.0
1220364,0.0,0.0,0.0
29579965,0.0,1e-05,0.0
179560685,0.0003,0.00011999999999999999,0.0
108175529,0.0,1e-05,0.0
61724453,0.0179,0.00446,0.0124
50905260,0.0,0.0,0.0
44074018,0.0431,0.03595,0.033
127681221,0.0,4e-05,0.0
29083927,0.0,0.0,0.0
987490,0.0009,0.00063,0.0
179647078,0.0,0.0,0.0
237777828,0.0326,0.02103,0.0623
152646214,0.0004,0.00053,0.0
153593256,0.0,0.0,0.0
108202186,0.0001,1e-05,0.0
49310787,0.0401,0.04118,0.0178
56787292,0.0001,2e-05,0.0
166909381,0.0,0.0,0.0
48782087,0.0,2.9999999999999997e-05,0.0002
44912566,0.0,0.0,0.0
43595912,0.0,0.0,0.0
21329761,0.1215,0.11277999999999999,0.0517
179475987,0.0001,2e-05,0.0
160012175,0.0,0.00016999999999999999,0.0
189852825,0.0,0.0,0.0
61981620,0.0021,0.00073,0.0028
138282871,0.0,2.9999999999999997e-05,0.0
17118550,0.0,0.0,0.0
88884466,0.3991,0.48291999999999996,0.4742
179583409,0.0,0.00023999999999999998,0.0008
68867268,0.0,2e-05,0.0
45169333,0.0143,0.03053,0.0328
48712949,0.0,0.0,0.0
32912696,0.0,0.0,0.0
23646376,0.0,0.0,0.0
629768,0.0032,0.0027600000000000003,0.0016
101109904,0.003,0.00324,0.0018
112179597,0.0,0.0,0.0
48010494,0.0,0.0,0.0
144990741,0.0046,0.0015199999999999999,0.0046
112581114,0.0,0.0,0.0
201332518,0.0,0.0,0.0
152520270,0.0035,0.0033,0.002
153582980,0.0002,0.00031,0.0
133237736,0.0,5.9999999999999995e-05,0.0
29483047,0.0003,0.00028,0.0002
133225872,0.0,2.9999999999999997e-05,0.0
220146659,0.0001,5e-05,0.0
139395262,0.0,0.00013000000000000002,0.0
48027403,0.0,2.9999999999999997e-05,0.0004
103246593,0.0001,0.0001,0.0
50918137,0.0001,0.0,0.0
114793297,0.0022,0.03942,0.0807
75280006,0.0022,0.00317,0.0016
38541484,0.0002,5e-05,0.0
23646657,0.0,0.0,0.0
167056329,0.0003,0.0001,0.0
33136324,0.0,9e-05,0.0
92353655,0.0,0.00018,0.0002
179325735,0.0631,0.05798,0.0
10432638,0.3146,0.41958999999999996,0.4491
7578536,0.0,0.0,0.0
55328671,0.0034,0.0008699999999999999,0.0042
152370904,0.0,0.00469,0.0046
59876594,0.0,0.0,0.0
76949017,0.0002,0.00172,0.0032
62458789,0.0,0.0,0.0
23646574,0.0,0.0,0.0
108150268,0.0,0.0,0.0
91303386,0.0,0.00018,0.0002
44104805,0.0326,0.008790000000000001,0.0318
11216248,0.0,0.0,0.0
95570409,0.0,0.0,0.0
7580300,0.0001,2.9999999999999997e-05,0.0
153609363,0.0,0.0,0.0
135126895,0.0,5.9999999999999995e-05,0.0005
48026991,0.0009,0.0,0.002
179452395,0.0,2e-05,0.0
29670050,0.0,0.0,0.0
154544533,0.0,0.0,0.0
38956803,0.0,0.0,0.0
2130319,0.0,0.0,0.0
29115490,0.0,0.0,0.0
152460241,0.0,0.0,0.0
18044452,0.0,0.00013000000000000002,0.0008
121437271,0.0,8e-05,0.0002
121981169,0.0,0.0,0.0
89918423,0.0023,0.0011,0.0022
179417680,0.0,0.0001,0.0
121980419,0.0,0.0,0.0
43609945,0.0,0.0,0.0
179631240,0.0,7e-05,0.0002
32953640,0.0,0.0,0.0
45800197,0.0,0.00011999999999999999,0.0
176637240,0.0993,0.17624,0.2286
59763209,0.0,1e-05,0.0
113457726,0.1545,0.24156,0.1701
17523474,0.0573,0.06848,0.0843
145742799,0.0034,0.04281,0.0294
23894002,0.0,0.0,0.0
166854547,0.0,0.0,0.0
31832367,0.0,0.0,0.0154
11107023,0.0,0.0,0.0
2136866,0.0232,0.01034,0.0272
42932835,0.0,0.02195,0.0
121712098,0.0406,0.01179,0.0401
153132233,0.0016,0.0022199999999999998,0.0027
20716411,0.181,0.37249,0.2544
228401,0.0009,0.00049,0.0
105169564,0.0015,0.00093,0.0004
179610695,0.0412,0.01133,0.0383
41563685,0.1964,0.25382,0.1809
32953879,0.0,0.0,0.0
32890659,0.0,2.9999999999999997e-05,0.0
78023889,0.0001,0.0001,0.0
43213897,0.0,0.0,0.0
179578713,0.0001,0.00035,0.0016
129704276,0.0001,0.00022,0.0
89720736,0.0,0.0,0.0
59938891,0.0,0.0,0.0
238289898,0.0002,8e-05,0.0002
142168331,0.0,0.0,0.0
216221905,0.0002,5.9999999999999995e-05,0.0
88709828,0.0,0.0,0.0
52442535,0.0,0.0,0.0
112154969,0.0004,0.0008699999999999999,0.0004
123664256,0.04,0.01853,0.0345
78466400,0.0,0.0,0.0
44492252,0.0002,0.00086,0.0026
179576710,0.0,0.00018,0.0
66294273,0.0,2e-05,0.0
17586471,0.0,0.0,0.0
5924015,0.0001,0.00018,0.0002
75022271,0.0897,0.06557,0.0877
10183773,0.0,1e-05,0.0
48027303,0.0,0.0,0.0
41246449,0.0,0.0,0.0
2164789,0.0,0.00168,0.001
102611388,0.0044,0.00365,0.0018
179501350,0.0,0.0,0.0
2130366,0.0,0.0,0.0
135202230,0.0058,0.00584,0.0062
29118909,0.0,0.00022,0.0002
100205243,0.0002,0.00014,0.0
76866991,0.0,0.0015300000000000001,0.0028
29546083,0.0002,5e-05,0.0
140913958,0.0,0.00328,0.0046
41246793,0.0,0.0,0.0
6381897,0.0001,0.0001,0.0
108175462,0.1023,0.11014000000000002,0.0669
152565724,0.0,2.9999999999999997e-05,0.0
26136282,0.0309,0.02511,0.0102
32907409,0.0,0.0,0.0
48033910,0.0,0.0,0.0
35093020,0.0,0.0,0.474
34969128,0.0002,0.0001,0.0002
133249845,0.0,0.0,0.0
43606856,0.0002,0.00207,0.0038
215914831,0.0002,0.00016999999999999999,0.0
72637818,0.0,0.0,0.0
75841700,0.0002,0.00014,0.0002
96919744,0.0,0.0,0.0
73455160,0.0,0.0,0.0
88683188,0.0,0.0,0.0
20763482,0.0,1e-05,0.0
55229255,0.2027,0.28696,0.2921
147209230,0.007,0.00838,0.005
43058189,0.0001,0.0008300000000000001,0.001
237947717,0.0003,0.00031,0.0004
23086364,0.0,0.0,0.0619
47357451,0.0,0.0,0.0
237817674,0.0001,8e-05,0.0004
17131205,0.0,0.0,0.0
73199667,0.0491,0.02648,0.0595
108137934,0.0,0.0,0.0
6528468,0.0479,0.06207000000000001,0.0401
2110791,0.0,2.9999999999999997e-05,0.0
144992390,0.0348,0.01078,0.0377
48729206,0.0,2e-05,0.0002
110850842,0.2525,0.25894,0.2065
12645693,0.0,0.0,0.0
103060213,0.0015,0.0027,0.0034
48830019,0.0003,0.00016,0.0
145737514,0.3933,0.0,0.4333
16291953,0.0,0.0,0.0
45796938,0.0,0.0,0.0
21260084,0.0004,0.00468,0.0142
55523855,0.0285,0.00892,0.0266
73274393,0.0022,0.0008,0.0032
32913397,0.0,1e-05,0.0
110170866,0.0039,0.0030399999999999997,0.0008
153592948,0.0242,0.007,0.0257
32266603,0.0236,0.021730000000000003,0.0204
179659227,0.0002,0.00022,0.0008
48027225,0.0,0.0,0.0
127673807,0.0005,0.0005099999999999999,0.0004
41222980,0.0,0.0,0.0
76572453,0.0054,0.00117,0.0034
45797952,0.0,1e-05,0.0
968489,0.1154,0.14876,0.0935
33446165,0.0,0.0,0.0
23614949,0.0,0.0,0.0
2338230,0.0,0.0,0.0
6048657,0.0001,0.00014,0.0
47355514,0.0,0.0,0.0
41199724,0.0,0.0,0.0
94544183,0.0,0.00018999999999999998,0.0
62039826,0.0005,0.00067,0.0
42703106,0.0,1e-05,0.0
11098527,0.0,0.0,0.0
15931975,0.0468,0.01454,0.0439
58112324,0.0108,0.00942,0.0224
47369970,0.0,0.0,0.0
131927055,0.0,1e-05,0.0
59937229,0.0,1e-05,0.0
131708685,0.0,0.0,0.0
76853829,0.0185,0.00564,0.0166
50774730,0.0003,0.0003,0.0
47672711,0.0,1e-05,0.0
823586,0.0079,0.01201,0.0044
100168838,0.0001,7e-05,0.0
78081352,0.0002,0.00031,0.0004
2800336,0.0,9e-05,0.0
62026852,0.0,0.0,0.0
179458451,0.0002,0.00014,0.0002
10544461,0.0697,0.04292,0.0617
10477206,0.1032,0.07282000000000001,0.0833
23893180,0.0,0.0,0.0
2106226,0.0,1e-05,0.0
10277266,0.0035,0.0047,0.0018
135741443,0.0118,0.011290000000000001,0.0053
34005899,0.0335,0.00957,0.032
15826409,0.0132,0.0,0.0
856145,0.004,0.0014199999999999998,0.0054
27068005,0.0,0.0,0.0
17125907,0.0,0.0,0.0
32953640,0.0,0.0,0.0
43817783,0.0,0.0,0.0
70443862,0.0,2e-05,0.0
201330503,0.0,1e-05,0.0
91682040,0.0008,0.0009400000000000001,0.0008
108151792,0.0,0.0,0.0
23909770,0.0,0.0,0.0
145737877,0.0001,0.00055,0.0002
4099284,0.0,0.0,0.0
238287484,0.0015,0.0006799999999999999,0.0002
124266308,0.0051,0.00256,0.0004
49674846,0.0,0.0,0.0
166894583,0.0,0.0,0.0
84185440,0.0,0.00364,0.0064
63532456,0.0,0.0,0.0
33030995,0.0001,0.00813,0.0188
38965952,0.2083,0.24272,0.2171
68857373,0.0,0.0,0.0
4680521,0.0,0.00873,0.0162
72642925,0.003,0.00164,0.0004
29556369,0.0,1e-05,0.0
153170995,0.0188,0.04551,0.0321
37038205,0.0,0.0,0.0
41548003,0.0441,0.01519,0.0403
179598170,0.0035,0.00109,0.0036
101900177,0.0,0.0,0.0
80478550,0.0023,0.00364,0.0006
855799,0.0,0.0,0.0
179399128,0.0,0.0,0.0
32972640,0.0,0.0,0.0
160100201,0.0359,0.03343,0.015
11096022,0.0,0.0,0.0
103364285,0.0036,0.00282,0.0012
56819279,0.0,0.0,0.0
37244623,0.0,9e-05,0.0
179433654,0.0007,0.0008300000000000001,0.0004
34483482,0.0002,0.0034700000000000004,0.0048
48916860,0.0018,0.00176,0.0006
32911646,0.0,0.0,0.0
121030905,0.0201,0.0061600000000000005,0.018
59934481,0.0005,0.00013000000000000002,0.0002
147926888,0.4165,0.37546999999999997,0.3602
44137400,0.0134,0.009590000000000001,0.0072
84203595,0.0731,0.0392,0.0659
10934459,0.0,0.0,0.0
18039075,0.0199,0.00899,0.0214
37485724,0.3962,0.39793,0.3904
94849151,0.0178,0.03132,0.0336
47409033,0.0,0.0,0.0
108216637,0.0,0.0,0.0
97365815,0.0035,0.00124,0.0032
2763763,0.0,1e-05,0.0
241689865,0.0014,0.00209,0.0008
41557033,0.0064,0.00179,0.0066
90701577,0.0,0.0,0.0
72104433,0.0171,0.04572,0.0537
92085763,0.0108,0.01115,0.007
13788830,0.0,2e-05,0.0
209811886,0.0,0.0,0.4325
23619291,0.0,0.0,0.0
47707839,0.0,0.0,0.0
75849894,0.0,0.00018999999999999998,0.0002
42858401,0.0,5.9999999999999995e-05,0.0002
29125854,0.1802,0.12844,0.1975
153296091,0.0,0.00031,0.0
33988445,0.0063,0.00285,0.009
133201369,0.0,0.0,0.0
2797262,0.0,4e-05,0.0
68844126,0.0,0.0,0.0
197093361,0.0491,0.01351,0.0447
43609070,0.0,0.0,0.0
3342326,0.0014,0.00185,0.0
117251703,0.0001,4e-05,0.0002
32591735,0.0001,1e-05,0.0
89836023,0.0,0.0,0.0
65369484,0.0,0.0,0.0
41199648,0.0,0.0,0.0
48033986,0.0,0.0,0.0
2054672,0.0002,0.00103,0.0026
68842332,0.0003,0.00011,0.0
112174233,0.0,1e-05,0.0
11121065,0.0,0.0,0.0
41246423,0.0,0.0,0.0
15296403,0.0169,0.00447,0.0148
37901616,0.0062,0.00198,0.007
172650245,0.0058,0.0020399999999999997,0.0064
100201551,0.0737,0.054110000000000005,0.0917
112090657,0.0001,2.9999999999999997e-05,0.0
48628250,0.0,0.0,0.0
42337247,0.0046,0.00355,0.001
5964678,0.0002,5.9999999999999995e-05,0.0
32907390,0.0,1e-05,0.0
123427584,0.0067,0.00182,0.005
133202900,0.0,0.0,0.0
28498702,0.0056,0.01048,0.0064
152675934,0.0007,0.00031,0.0002
48028026,0.0002,0.00023999999999999998,0.0
123603064,0.0,0.0,0.0148
45606290,0.0035,0.004379999999999999,0.0014
135782221,0.1709,0.13712,0.1386
108204674,0.0,2e-05,0.0
71019900,0.0018,0.0015400000000000001,0.0
55319918,0.0,0.00013000000000000002,0.0
131911578,0.0,4e-05,0.0002
7583274,0.0,0.0,0.0
231042,0.0109,0.00462,0.01
43610044,0.0001,0.0,0.0
23874991,0.0,0.00014,0.0002
2126509,0.0001,2e-05,0.0
29496957,0.0035,0.00329,0.0008
76211508,0.0001,2.9999999999999997e-05,0.0
13894790,0.0,0.00031,0.0002
30070871,0.0007,0.00037999999999999997,0.0002
62479028,0.0,0.0,0.0
112319899,0.0,0.0,0.0
67457304,0.0,0.0,0.0
111348923,0.0001,2.9999999999999997e-05,0.0
24758818,0.1657,0.20613,0.2592
55874559,0.0012,0.00075,0.0
71865988,0.0592,0.06382,0.0393
201060843,0.0,0.0,0.0
6037049,0.0,0.0,0.0
23647372,0.0,1e-05,0.0002
6413028,0.0002,4e-05,0.0
147491402,0.0091,0.00278,0.0106
137726805,0.0051,0.0,0.0026
215595196,0.0,0.0,0.0
111000972,0.0,0.0,0.0
95579486,0.0,0.0,0.0
5785351,0.002,0.00045999999999999996,0.001
29107902,0.0,1e-05,0.0
50873023,0.0004,0.00022,0.0
47821588,0.3136,0.24941999999999998,0.3347
172659699,0.0,5.9999999999999995e-05,0.0
41246323,0.0,0.0,0.0
23641527,0.0,0.0,0.0
90993616,0.0,0.0,0.0
103216116,0.0009,0.00025,0.0008
21971188,0.0001,0.00011999999999999999,0.0
108366764,0.0,0.0,0.0
128489385,0.0,0.0,0.0
61467613,0.0071,0.00405,0.0122
48026755,0.0,0.0,0.0
21134182,0.0,0.0,0.0
123046198,0.0,0.0,0.0
83933256,0.0,0.0,0.0
103191675,0.0012,0.0007099999999999999,0.0006
108206566,0.0,0.0,0.0
144991318,0.0002,9e-05,0.0002
56086993,0.0028,0.0040100000000000005,0.0012
11200070,0.0,0.0,0.0
32913607,0.0,0.0,0.0
46751059,0.0174,0.01612,0.0074
125904066,0.0006,0.00045,0.0004
100155382,0.0018,0.00123,0.0
48010605,0.0,0.0,0.0
98231294,0.0,0.00011,0.0
23641156,0.0,0.0,0.0
23641493,0.0,0.0,0.0
24813314,0.0,0.0,0.0
3640271,0.0,0.0,0.0
1564328,0.0052,0.00419,0.002
32971167,0.0015,0.0005099999999999999,0.0024
5935013,0.0008,0.00042,0.0004
38878494,0.0,0.0,0.0
73498415,0.0166,0.00519,0.0162
90993703,0.0,0.0,0.0
76891451,0.0001,8e-05,0.0
50779909,0.0018,0.00055,0.0006
20178593,0.0028,0.00157,0.0016
73462429,0.0002,0.00035,0.0
201009182,0.2698,0.1549,0.2292
223625,0.0,2e-05,0.0
227152781,0.0005,0.00037999999999999997,0.0008
35423662,0.0,0.0,0.0
29090030,0.0,0.00011999999999999999,0.0012
29091147,0.0068,0.0018800000000000002,0.006
140729243,0.0028,0.00131,0.0012
28493953,0.0005,0.0004,0.0
40742602,0.0,2.9999999999999997e-05,0.0
97869351,0.0,0.0,0.0
127613625,0.0,0.0,0.0
10644610,0.0,0.0,0.0
189873901,0.0009,0.00053,0.0
76867955,0.0,0.0,0.0
45583409,0.014,0.0036200000000000004,0.013
35074490,0.0014,0.00045999999999999996,0.0022
197062298,0.0001,2.9999999999999997e-05,0.0004
4802329,0.1873,0.18045,0.1913
46900969,0.0,4e-05,0.0
179427284,0.0,7e-05,0.0
112493809,0.0003,8e-05,0.0
152762383,0.0007,0.00108,0.0004
139399517,0.0018,0.00053,0.0026
103018629,0.0176,0.02685,0.015
133225964,0.0,0.0,0.0
89873448,0.0001,2.9999999999999997e-05,0.0
88817449,0.0,0.0,0.0
170716964,0.0147,0.00396,0.015
7578280,0.0,0.0,0.0
50909427,0.0,0.0,0.0
23641742,0.0,0.0,0.0
23641776,0.0001,5.9999999999999995e-05,0.0
63532990,0.0,2.9999999999999997e-05,0.0
45795011,0.0,1e-05,0.0
18024352,0.0076,0.0008699999999999999,0.0156
37822279,0.0,2.9999999999999997e-05,0.0
201058543,0.0,0.00028,0.0004
49672280,0.0012,0.00025,0.0004
129634110,0.0001,2e-05,0.0
128694696,0.0,0.0,0.0
62560662,0.0,0.00026000000000000003,0.0002
95572496,0.0,0.0,0.0
53350134,0.0,0.0,0.0
23203690,0.0173,0.01917,0.009
25466800,0.0001,0.0001,0.0
170147502,0.0554,0.06321,0.0403
8905030,0.0005,0.0002,0.0
61470065,0.0094,0.00938,0.0046
144997356,0.0161,0.00502,0.0212
38593036,0.0,0.0,0.0
36227239,0.0,0.00013000000000000002,0.0002
48792199,0.0,0.0,0.0
32218727,0.0148,0.01658,0.0092
147336343,0.0,0.0,0.0
78407852,0.0014,0.00043,0.0014
176719140,0.0003,0.00032,0.0
11095067,0.0,0.0,0.0
139410467,0.0101,0.007490000000000001,0.0038
36336690,0.0022,0.00164,0.0006
33433431,0.0,4e-05,0.0004
32905168,0.0,0.0,0.0
6595046,0.0005,0.00285,0.009
41249314,0.0002,2.9999999999999997e-05,0.0
170398474,0.0044,0.00618,0.0016
23614867,0.0,0.0,0.0
32900687,0.0,0.0,0.0
29825022,0.0,0.0,0.0
23646208,0.0,2e-05,0.0
33156845,0.001,0.0022199999999999998,0.0008
101594229,0.0009,0.00123,0.0008
13882841,0.2699,0.25347,0.2506
117144429,0.0,0.00043,0.0012
235971763,0.1165,0.1035,0.0707
107341546,0.0,2e-05,0.0
57906143,0.0052,0.00496,0.0022
167099133,0.0017,0.0009599999999999999,0.0024
48800725,0.0168,0.00519,0.0176
71170807,0.1568,0.24068,0.2796
41247878,0.0,1e-05,0.0
108180992,0.0,0.0,0.0
124171433,0.0009,0.00058,0.0006
41215379,0.0,0.0,0.0
152534230,0.0017,0.00124,0.0006
108216607,0.0,1e-05,0.0
82763471,0.0019,0.00074,0.0011
108142010,0.0,0.0,0.0
29557856,0.0,0.0,0.0
41928652,0.0,0.0,0.0
50662855,0.0,0.0,0.0
14775853,0.0,0.0,0.0
21213380,0.482,0.0,0.4639
179463384,0.0001,1e-05,0.0
11222217,0.0,0.0,0.0
78081707,0.0,0.0,0.0
17127471,0.3738,0.48408,0.4052
147207585,0.0007,0.00049,0.0
23909993,0.0004,0.0009400000000000001,0.0004
44479037,0.0,0.0,0.0
23652440,0.0,0.0,0.0
88428539,0.0001,5.9999999999999995e-05,0.0
15686414,0.0,0.0,0.0
43396437,0.0,0.0,0.0
45798155,0.0,1e-05,0.0
108139269,0.0,0.0001,0.0
103136218,0.002,0.00078,0.0028
95584038,0.0,0.0,0.0
31645969,0.0,0.0,0.0
55474189,0.0007,0.00021,0.0004
32912396,0.0,0.0,0.0
139412256,0.0,0.0,0.0
17515833,0.4524,0.45358000000000004,0.3704
32912479,0.0,0.0,0.0
28911946,0.0056,0.0103,0.002
6038797,0.0,2e-05,0.0
104389902,0.0,0.0,0.0
247587531,0.0,0.0,0.0
112173396,0.0,0.0,0.0
32968844,0.0,5.9999999999999995e-05,0.0
95582850,0.0001,0.00011999999999999999,0.0004
89861818,0.0003,0.00016999999999999999,0.0002
89720597,0.0,0.0,0.0
32914151,0.0,0.0,0.0
220286064,0.0229,0.0065,0.0232
44057795,0.0,0.00018,0.0006
215661834,0.0,0.0,0.0
182769957,0.0,0.0,0.0
23637562,0.0001,1e-05,0.0
41244638,0.0,1e-05,0.0
147469113,0.028,0.0337,0.0469
69926325,0.1723,0.18091,0.1578
51908518,0.0,0.00095,0.0018
47707949,0.0,0.0,0.0
179528759,0.003,0.00207,0.0002
30054416,0.0,0.0,0.0
71146794,0.0,2.9999999999999997e-05,0.0002
128612630,0.0007,0.0006,0.0
133202223,0.0,0.0,0.0
159995431,0.0028,0.00075,0.0016
201337278,0.0172,0.00494,0.0164
48032800,0.0,1e-05,0.0
7123838,0.0338,0.01048,0.0391
179640768,0.0009,0.00103,0.0002
29236811,0.0,0.0,0.0
961,0.0,0.0,0.0
121416663,0.0006,0.0007099999999999999,0.0002
64572045,0.0,2e-05,0.0
108151797,0.0,0.0,0.0002
179575908,0.0,0.00011999999999999999,0.0
51254775,0.0,0.00016,0.0
40539817,0.0249,0.0067599999999999995,0.0258
110859069,0.399,0.36724,0.37
68771339,0.0,0.0,0.0
29121001,0.0001,7e-05,0.0
39266167,0.0008,0.00346,0.008
133256115,0.0002,0.00013000000000000002,0.0008
37934146,0.0,0.0,0.0
237954780,0.0,5.9999999999999995e-05,0.0
119941173,0.0,0.0,0.0
133237621,0.0,0.0,0.0
141315260,0.0,0.0,0.0012
91667736,0.0009,0.00055,0.0004
153296464,0.0,7e-05,0.0003
72358577,0.0,0.0,0.0
29576036,0.0001,4e-05,0.0
123298765,0.0,0.0,0.0
150644404,0.0023,0.00468,0.0016
78082335,0.0002,7e-05,0.0
179430997,0.2176,0.23431,0.3423
127864546,0.1268,0.16343,0.0935
47355475,0.0,0.00524,0.0062
29679304,0.0001,1e-05,0.0
29100822,0.0001,0.00018,0.0008
135204769,0.0032,0.0009599999999999999,0.0042
110773067,0.0,0.0,0.4719
69926319,0.1261,0.15649000000000002,0.1166
55450727,0.1418,0.05865,0.1256
7126477,0.0,0.0,0.0
64575096,0.0,0.0,0.0
2129647,0.0,0.0,0.0
20141575,0.0002,0.00022,0.0002
36330277,0.047,0.01286,0.0477
11222247,0.0,0.0,0.0
46660295,0.3497,0.35486,0.3335
68847387,0.0,0.0,0.0
67477181,0.0,0.0,0.0
50724843,0.0,0.00079,0.0016
9858707,0.0,0.00031,0.0012
76602282,0.0062,0.0051600000000000005,0.0036
65551782,0.0073,0.00324,0.0058
30058714,0.0,0.0,0.0
3495034,0.0,0.00015,0.0
228563996,0.0468,0.013130000000000001,0.0465
55136813,0.0002,0.00015,0.0
112176926,0.0,1e-05,0.0
12059080,0.0068,0.00185,0.0096
26624893,0.0098,0.00371,0.0102
179645895,0.0,0.0,0.0
119155706,0.0001,0.00016999999999999999,0.0
143780313,0.0012,0.0006900000000000001,0.0012
21225500,0.0065,0.00514,0.002
52442061,0.0,0.00137,0.0036
132440967,0.0,5e-05,0.0
119460791,0.0,0.0007099999999999999,0.0026
88439230,0.0,0.0,0.0
154145448,0.0,0.0,0.0
32915144,0.0,0.0,0.0
56787365,0.0,0.0,0.0
121437108,0.0003,0.0005200000000000001,0.0
2718717,0.0515,0.03506,0.0334
123480540,0.0028,0.00193,0.0
10393333,0.0,4e-05,0.0
601772,0.0,2e-05,0.0
48030698,0.0,2.9999999999999997e-05,0.0
48027183,0.0,0.0,0.0
38287213,0.0049,0.008190000000000001,0.0032
38739845,0.0,0.0,0.0
48028080,0.0,1e-05,0.0
10191480,0.0,0.0,0.0
156108384,0.0009,0.00026000000000000003,0.001
23641137,0.0,0.0,0.0
189940142,0.0205,0.01832,0.01
41546172,0.0002,0.00018,0.0002
48033371,0.0,0.0,0.0
75843076,0.001,0.00062,0.0026
50905156,0.0,0.0,0.0
32937480,0.0,0.0,0.0
129513850,0.0049,0.00278,0.0016
33445566,0.0001,2e-05,0.0
47630397,0.0,0.00117,0.0014
47371439,0.0001,4e-05,0.0
19209789,0.0,0.0,0.0
1219347,0.0,0.0,0.0
2339629,0.0229,0.011040000000000001,0.023
63530092,0.0,0.0,0.0
169482621,0.0,0.00187,0.0068
179397060,0.0,2.9999999999999997e-05,0.0
47111761,0.0032,0.0019199999999999998,0.0014
179410666,0.0015,0.00426,0.006
11224315,0.0,0.0,0.0
112359472,0.0022,0.00196,0.0002
215617235,0.0001,2e-05,0.0
110804809,0.1339,0.11162000000000001,0.1266
179431945,0.0,0.0,0.0
59820472,0.0,0.0,0.0
6026841,0.0001,1e-05,0.0
59761289,0.0,0.0,0.0
133220084,0.0,1e-05,0.0
11231101,0.0,1e-05,0.0
153577381,0.0,0.0,0.0
41574444,0.0,0.00054,0.0
94849388,0.0016,0.0009699999999999999,0.0006
79166407,0.0002,0.0001,0.0002
236910983,0.0002,0.0072299999999999994,0.0258
113457799,0.1164,0.20840999999999998,0.1114
100340827,0.0188,0.03011,0.0314
97873771,0.0,0.0,0.0
36246258,0.0,1e-05,0.0
32900706,0.0,0.0,0.0
151273491,0.0002,0.00022,0.0
9857045,0.0002,0.00016999999999999999,0.0
88441364,0.0001,0.00026000000000000003,0.0004
2126591,0.0,0.0,0.0
189945752,0.0001,0.00018,0.0
7132173,0.0021,0.00122,0.0004
117180143,0.0,0.0,0.0
44189420,0.005,0.00125,0.0034
32914611,0.0,0.0,0.0
114274518,0.0038,0.00217,0.0032
38968362,0.0,5.9999999999999995e-05,0.0
58024278,0.0,0.0,0.0
71155209,0.0,0.0,0.0
64525843,0.0224,0.03361,0.02
94487285,0.1491,0.21352,0.224
218520346,0.0,0.0,0.0
23874889,0.0006,0.00022999999999999998,0.0006
133220477,0.0,0.0,0.0
129722399,0.0,1e-05,0.0
135206460,0.0,0.0,0.0
179482968,0.0001,2e-05,0.0
32954216,0.0,1e-05,0.0
21903947,0.0078,0.00231,0.0072
55582072,0.0025,0.00125,0.0024
108206638,0.0,0.0,0.0
179397818,0.0,1e-05,0.0
741709,0.0006,0.00047000000000000004,0.0
92123810,0.0,2.9999999999999997e-05,0.0
38095663,0.0,0.0,0.0
9809181,0.0,0.0,0.0
23857139,0.0113,0.00345,0.016
41246533,0.0,0.0,0.0
48916862,0.0108,0.00322,0.0102
21995400,0.0149,0.0036899999999999997,0.0124
193094311,0.0,2e-05,0.0
140998947,0.0053,0.01461,0.013
32912791,0.0,0.0,0.0
63335988,0.0,0.0,0.0
66103309,0.0023,0.00124,0.001
50919090,0.0,0.0,0.0
59876607,0.0,2.9999999999999997e-05,0.0
19902804,0.0,2e-05,0.0
11231114,0.0,0.0,0.0
87755744,0.0,0.0,0.0
53656168,0.0,0.04392,0.01
94211981,0.0,1e-05,0.0
29701168,0.0001,2.9999999999999997e-05,0.0
179456902,0.0003,9e-05,0.0
29497004,0.0,7e-05,0.0
215661812,0.0,1e-05,0.0
48263369,0.0006,0.00073,0.0004
6031648,0.0002,2.9999999999999997e-05,0.0002
23907741,0.0015,0.00045,0.0006
152382717,0.0004,0.00116,0.0008
22191474,0.0003,0.00121,0.0008
21893993,0.0,0.0,0.4595
89873364,0.0039,0.00349,0.0028
132795773,0.0,1e-05,0.0
24520644,0.0004,0.00551,0.0032
6479161,0.0019,0.0029,0.0018
179549474,0.0001,0.00039,0.0002
112486397,0.0016,0.00162,0.0008
103379260,0.0052,0.00584,0.003
242695399,0.0055,0.0072900000000000005,0.002
147466001,0.023,0.04423,0.0523
11098433,0.0,0.0,0.0
22182173,0.0029,0.04252,0.0525
68771248,0.0,0.0,0.0056
108935600,0.0048,0.00532,0.0026
44185189,0.0,1e-05,0.0
2162944,0.0006,0.00114,0.0004
47407558,0.0,0.00016,0.0
3494742,0.0001,0.00099,0.0
14041570,0.002,0.0014,0.0
25378562,0.0,0.0,0.0
61778288,0.0019,0.00062,0.0026
88258318,0.0005,0.00067,0.0002
39913771,0.0068,0.00743,0.0026
48010448,0.0,0.0,0.0
5924056,0.0004,0.00028,0.0002
42703180,0.0,0.0,0.0
32912043,0.0,0.0,0.0
6035259,0.0,0.0,0.0
55663295,0.002,0.00057,0.0028
179459149,0.0002,9e-05,0.0006
89692923,0.0,0.0,0.0
108106402,0.0,0.0,0.0
2466691,0.0,0.0,0.0
81754732,0.0064,0.00972,0.0026
169511734,0.2437,0.27376999999999996,0.2628
179410369,0.0,0.0,0.0
108121531,0.0,1e-05,0.0
21658855,0.0,0.48895,0.0
201046164,0.0022,0.0006799999999999999,0.0016
103245464,0.0002,2.9999999999999997e-05,0.0
21106525,0.0002,0.0002,0.0008
29543663,0.0,0.0,0.0
49099743,0.0028,0.00458,0.0019
50406892,0.0195,0.00524,0.0182
108114774,0.0,2.9999999999999997e-05,0.0
47702208,0.0,1e-05,0.0
11216249,0.0,0.0,0.0
100654481,0.0,2e-05,0.0
32913027,0.0,0.0,0.0
47552103,0.0294,0.0605,0.017
128480629,0.0014,0.00233,0.003
236849971,0.0001,9e-05,0.0
88452277,0.0,0.0,0.0
104375030,0.0003,0.00011,0.0
98240376,0.0001,7e-05,0.0
28651795,0.0002,0.00044,0.0004
55617042,0.0227,0.02331,0.019
100330148,0.0001,2e-05,0.0
190039981,0.0044,0.00085,0.0018
179481680,0.0001,7e-05,0.0002
32906958,0.0,1e-05,0.0
156849796,0.034,0.01036,0.0541
20763382,0.0,1e-05,0.0
215674281,0.0,0.0,0.0
7566657,0.0,0.0,0.0
49433383,0.0031,0.00119,0.0046
48033597,0.0,1e-05,0.0
108163339,0.0,0.0,0.0
42788735,0.0,0.0001,0.0
21272591,0.0,0.45002,0.0
43121436,0.0112,0.01094,0.0038
186429726,0.0006,0.00013000000000000002,0.0004
17350520,0.0,0.0,0.0
32913460,0.0,0.0,0.0
101552584,0.0055,0.00775,0.0104
179456491,0.0045,0.00128,0.0018
179472662,0.0013,0.00123,0.0002
98211531,0.0,0.0,0.0
166775889,0.0034,0.0009400000000000001,0.003
48802322,0.0,0.0,0.0
137693844,0.0,0.00013000000000000002,0.0
186066174,0.0,0.0,0.0
17448704,0.3536,0.43459,0.3684
156106127,0.0,0.0,0.0
12049390,0.0001,0.00491,0.0124
71851080,0.0145,0.00419,0.015
89867035,0.0,0.00063,0.0018
29092961,0.0001,2.9999999999999997e-05,0.0
88477867,0.0002,9e-05,0.0
112090601,0.0001,1e-05,0.0
21104651,0.0004,0.007559999999999999,0.021
47373032,0.0001,0.00014,0.0
108124602,0.0,4e-05,0.0
72636487,0.0011,0.00101,0.0002
108121426,0.0,0.0,0.0
271638,0.3189,0.32449,0.3077
48704816,0.0011,0.00073,0.0002
38852961,0.0,0.0,0.0
47630403,0.0,0.0,0.0
57898003,0.0,0.0,0.0
133251971,0.0,0.00011999999999999999,0.0002
24813062,0.0,0.0,0.0
120983929,0.0389,0.01078,0.0326
68862131,0.0,1e-05,0.0
112524680,0.0138,0.01399,0.0082
59821771,0.0,0.00011,0.0
46662506,0.0,0.0,0.0
169529973,0.2896,0.25595999999999997,0.3988
42004600,0.0774,0.06863,0.0553
35685718,0.0,0.00091,0.0004
32490406,0.0001,0.00016999999999999999,0.0011
4118434,0.0009,0.0009699999999999999,0.0
117251762,0.0,0.0,0.0
101342931,0.0032,0.0059700000000000005,0.0042
813839,0.0,0.0,0.0
61778108,0.0,0.0,0.0
1801542,0.1031,0.03748,0.1048
90177028,0.0122,0.00346,0.0096
109524457,0.0212,0.00655,0.0224
149075889,0.0056,0.0033399999999999997,0.0016
152652489,0.0001,5e-05,0.0
48026168,0.0,0.0,0.0
7869235,0.1762,0.15865,0.229
44157764,0.0145,0.02512,0.0128
101894904,0.0014,0.0011,0.0004
152740784,0.0,0.00359,0.0024
15903308,0.0,0.0,0.001
49437399,0.023,0.026160000000000003,0.0164
32900376,0.0,5.9999999999999995e-05,0.0
227872182,0.4604,0.4657,0.0
47606078,0.0,0.0,0.0
90992986,0.0001,0.00011999999999999999,0.0002
41117754,0.0605,0.07484,0.0294
58144498,0.0,0.0,0.0
21255355,0.0092,0.00242,0.0082
23884421,0.0,1e-05,0.0
108186742,0.0,2e-05,0.0002
1805502,0.0052,0.00399,0.0016
166905460,0.0,0.0,0.0
103354135,0.0095,0.00852,0.0026
100680411,0.0002,0.0008,0.0
52437609,0.0,0.0,0.0
5735085,0.0,0.0,0.0
32900684,0.0,0.0,0.0
179591917,0.0015,0.00428,0.006
48030641,0.0,9e-05,0.0004
37465385,0.4609,0.0,0.45
17125831,0.0,0.0,0.0
6330327,0.0026,0.00227,0.0004
30142929,0.0,0.00022,0.0
90976656,0.0,0.0,0.0
11218164,0.0,0.0,0.0
238283511,0.0001,0.00045999999999999996,0.0002
33038275,0.0,0.0,0.0
69934296,0.012,0.00325,0.0134
45797160,0.0,5e-05,0.0
45354685,0.0009,0.00026000000000000003,0.001
94473807,0.0032,0.00505,0.0032
74893757,0.0052,0.0018,0.0048
95578510,0.0022,0.00045999999999999996,0.0006
44185192,0.0,0.0,0.0
152457795,0.0014,0.00117,0.0014
131706028,0.0002,0.00042,0.0
38884369,0.0,0.0,0.0
90993109,0.0001,2e-05,0.0
31515034,0.0,0.0,0.0
23857127,0.0,1e-05,0.0
2134317,0.0001,0.00014,0.0
22239720,0.3631,0.27366,0.2729
90983385,0.0,0.00022999999999999998,0.0004
21116665,0.0014,0.00148,0.0006
97887430,0.0004,0.0004,0.0004
90995001,0.0,1e-05,0.0
18959662,0.0147,0.00484,0.0151
5923427,0.0018,0.0012900000000000001,0.0006
28651658,0.0,0.0,0.0
112116563,0.0,0.0,0.0
108138009,0.0,2.9999999999999997e-05,0.0
116422030,0.0008,0.00062,0.0006
46924322,0.0132,0.0191,0.0166
139327598,0.0,0.0,0.0
139333839,0.0151,0.00335,0.0268
48028011,0.0,0.0,0.0
33428284,0.0,2e-05,0.0002
7579599,0.0002,0.00013000000000000002,0.0
108196068,0.0,2e-05,0.0
25457410,0.0013,0.00074,0.0006
15768997,0.0248,0.033960000000000004,0.033
94153300,0.0,1e-05,0.0
127597460,0.0001,0.00148,0.002
39262669,0.0098,0.00246,0.006
179583473,0.0,4e-05,0.0
156104642,0.0,0.0,0.0
89828437,0.0594,0.06558,0.0721
68867274,0.0,0.0,0.0
215645592,0.0,0.0,0.0
52895549,0.0005,0.0004,0.0004
127681100,0.0088,0.00228,0.009
95570005,0.0,0.0,0.0
8895682,0.0019,0.00066,0.0018
15771815,0.0005,0.00042,0.0002
33376047,0.0369,0.04285,0.019
11227590,0.0,1e-05,0.0
76429788,0.0,0.0,0.0
71753487,0.1538,0.12085,0.1136
153006164,0.0,0.0,0.0
53430549,0.0,0.0,0.0
241685247,0.0166,0.00602,0.0226
15818537,0.0,1e-05,0.0
21819385,0.0159,0.0071400000000000005,0.016
41243788,0.0,0.0,0.0
55505604,0.0,8e-05,0.0004
47693868,0.0,0.0,0.0002
166904178,0.0,0.0,0.0
97912373,0.0002,4e-05,0.0
41127543,0.0002,0.00361,0.0028
179594954,0.0,5e-05,0.0
48026641,0.0,0.0,0.0
131392593,0.0192,0.0058,0.022
29091173,0.0,0.0,0.0
32911821,0.0,1e-05,0.0
241658594,0.0017,0.0005200000000000001,0.0034
112572172,0.0,5e-05,0.0
108121555,0.0,0.0,0.0
89870237,0.0,0.00023999999999999998,0.0
179426507,0.0207,0.005529999999999999,0.0162
131911510,0.0,0.0,0.0
39922198,0.0002,0.00186,0.0003
42728144,0.0,0.0,0.0
133201599,0.0,0.00027,0.0002
58092528,0.0498,0.0372,0.0284
145001784,0.265,0.36871,0.2308
32910564,0.0,0.0,0.0
133153438,0.0,0.00011999999999999999,0.0006
54697246,0.018,0.0211,0.0451
170366296,0.0095,0.01038,0.006
219526649,0.065,0.0217,0.0679
62070997,0.0,0.0,0.0
222888,0.0,0.0,0.0
89876408,0.0005,0.00022999999999999998,0.0006
47551923,0.0004,0.0005200000000000001,0.0
61996140,0.0537,0.04067,0.0443
131380051,0.0013,0.0005200000000000001,0.0002
154004584,0.0888,0.08085,0.0617
51149818,0.0002,8e-05,0.0
47639623,0.0,0.0,0.0
120085436,0.0,0.0,0.0
28649054,0.0003,7e-05,0.0
23917217,0.0,0.00101,0.0012
48573432,0.0,0.0,0.0
48729544,0.0,0.0,0.0
20763215,0.0,2e-05,0.0
108190770,0.0039,0.00131,0.0024
41258545,0.0,0.0,0.0
45397889,0.0784,0.0673,0.0629
81698119,0.0796,0.05973,0.1098
123457893,0.0,0.0,0.0
189867077,0.0,0.0,0.0
979748,0.0311,0.0302,0.0184
112174066,0.0,0.0,0.0
179655493,0.0001,0.0001,0.0
167168238,0.0,0.00016999999999999999,0.0
40269052,0.0,0.0,0.0
71709066,0.0021,0.0005,0.0016
2136258,0.0,0.0,0.0
73575465,0.0,0.0,0.0004
6035238,0.0014,0.00039,0.0004
47552089,0.0013,0.00224,0.0008
41244886,0.0,4e-05,0.0
2129160,0.0,0.0,0.0
53751890,0.0,0.0,0.0
108236142,0.0,0.0,0.0
91543761,0.0,0.0,0.0
110973754,0.0,0.0,0.0
68853202,0.0,4e-05,0.0
106815286,0.0574,0.0331,0.0665
93769677,0.0014,0.00147,0.001
108129791,0.0,1e-05,0.0
145012414,0.0,0.0,0.0
219527335,0.0002,8e-05,0.0002
29126393,0.0,0.0,0.0
29483040,0.0,2.9999999999999997e-05,0.0
108175556,0.0,0.0,0.0
36938269,0.023,0.00938,0.026
75675514,0.0004,0.0027199999999999998,0.0066
11145825,0.0,0.0,0.0
15857760,0.0002,0.0003,0.0008
38986906,0.0001,2.9999999999999997e-05,0.0002
69998328,0.0024,0.00162,0.0012
88498284,0.0,0.007809999999999999,0.0204
89717791,0.0,0.0,0.0
241675422,0.0,0.0,0.0
131726522,0.0002,0.0001,0.0
112179536,0.0,0.0,0.0
69954211,0.0,0.0,0.0
994452,0.2257,0.19757,0.1621
29121248,0.0,0.0,0.0
38655248,0.0,0.0,0.0
42853838,0.0005,0.00022,0.0002
15814680,0.0005,0.00031,0.0006
179587412,0.0,0.0,0.0
32972781,0.0,0.0,0.0
71906438,0.0019,0.0033,0.0014
32937671,0.0,0.0,0.0
59853790,0.0,0.0,0.0
191850391,0.0012,0.00197,0.0012
7577144,0.0,0.0,0.0
45797835,0.0,7e-05,0.0
237774070,0.0001,9e-05,0.0
90965758,0.0,1e-05,0.0
36260914,0.2375,0.30987,0.2224
103471456,0.0,0.0,0.0
167094604,0.0005,0.00022999999999999998,0.0014
1279396,0.0,0.0,0.0
108121487,0.0,0.0,0.0
108139316,0.0,0.0,0.0
29486058,0.0,2e-05,0.0
227345,0.0,4e-05,0.0
153223257,0.0059,0.00625,0.0045
6029527,0.0,0.0,0.0
29825015,0.0,0.0,0.0
9817426,0.0005,0.0003,0.0002
55441902,0.0,0.0,0.0
3299586,0.0056,0.014230000000000001,0.0202
73615596,0.0,0.0,0.0
6043312,0.0008,0.00028,0.0022
47532500,0.0348,0.04002,0.0162
6029496,0.0,0.0,0.0
30713800,0.0,7e-05,0.0
41267755,0.0,0.0,0.0
6304014,0.0001,1e-05,0.0
112176006,0.0,0.0,0.0
16244463,0.0,2e-05,0.0002
48018222,0.0,1e-05,0.0
247587870,0.0011,0.00055,0.0022
97342448,0.0002,0.00023999999999999998,0.0
48027775,0.0,0.0,0.0
23614849,0.0,2.9999999999999997e-05,0.0
156074481,0.0002,0.00053,0.0006
23646752,0.0,0.0,0.0
78087085,0.0005,0.00013000000000000002,0.0004
41245746,0.0001,2e-05,0.0
103405970,0.0,1e-05,0.0
37061859,0.0,0.0,0.0
32975460,0.0,0.0,0.0
79478545,0.0043,0.00263,0.0022
36562621,0.0,1e-05,0.0
71886032,0.0002,7e-05,0.0004
101544481,0.0005,0.00035,0.0002
32662434,0.0,0.0,0.0
179411195,0.0003,0.00057,0.0
7562975,0.0004,0.0004,0.0
39055715,0.0078,0.00502,0.0094
112544200,0.0,0.0,0.0
78087133,0.0001,0.00014,0.0002
38601712,0.0,2.9999999999999997e-05,0.0
121726449,0.0022,0.0007099999999999999,0.0036
99064425,0.1744,0.25809,0.2792
29553483,0.0,2e-05,0.0
51907901,0.0004,0.0031899999999999997,0.0026
94495394,0.0023,0.00634,0.0016
33989503,0.0,0.00065,0.0022
153296807,0.0,0.0,0.0
50335567,0.0002,9e-05,0.0
117171011,0.0,7e-05,0.0
1806153,0.0,0.0,0.0
117176711,0.0013,0.00041,0.0012
41201129,0.0,0.0,0.0
133248912,0.0,0.0,0.0
29121287,0.0,0.0,0.0
180365043,0.0,0.16321,0.0
71795213,0.0006,0.00018,0.0
2121540,0.0022,0.00047999999999999996,0.0006
2869033,0.0003,0.00022999999999999998,0.0002
6018327,0.0,0.0,0.0
3011742,0.0,0.0,0.0294
126746165,0.0021,0.00054,0.001
237754020,0.0006,0.0008300000000000001,0.0006
48807579,0.0,0.0,0.0
47544567,0.0003,0.00022999999999999998,0.0002
78010426,0.0,0.03909,0.0601
14038659,0.0659,0.01901,0.0611
16617075,0.0,0.0003,0.0
128486356,0.0007,0.0009699999999999999,0.0002
24143206,0.0056,0.00159,0.0046
179641203,0.0034,0.0006900000000000001,0.0016
37053565,0.0,0.0,0.0
8141381,0.0,0.0009199999999999999,0.001
152469188,0.3736,0.35922,0.3994
179486278,0.0004,0.00029,0.0
215646124,0.0,0.0,0.0
33445620,0.0,1e-05,0.0
56485023,0.0204,0.02199,0.008
152382523,0.0,0.00011,0.0002
1775284,0.0022,0.00231,0.001
156105741,0.0,2.9999999999999997e-05,0.0
237991725,0.0,0.0,0.0
98232133,0.0002,0.00016999999999999999,0.0006
59858182,0.0,0.0,0.0
22150671,0.0016,0.00061,0.0022
43280227,0.0308,0.1318,0.0513
11230778,0.0,0.0,0.0
67379578,0.0098,0.00302,0.0098
591718,0.0007,0.00042,0.0004
59938900,0.0,1e-05,0.0
2348528,0.1563,0.14339000000000002,0.0817
6066302,0.0,0.0,0.0
9864301,0.0001,0.00011999999999999999,0.0002
56545175,0.1955,0.20924,0.2636
179605443,0.0,0.0,0.0
75860833,0.0,0.0,0.0
50905928,0.0004,0.00022999999999999998,0.0002
40902423,0.0,0.0005,0.001
47746480,0.0002,0.00016999999999999999,0.0004
179594832,0.0001,2.9999999999999997e-05,0.0
11216096,0.0,0.0,0.0
67652748,0.0551,0.05902,0.0299
15826415,0.0121,0.0022199999999999998,0.0128
45665661,0.0208,0.02105,0.0086
112595719,0.0,0.0,0.0
59853824,0.0,0.0,0.0
215848641,0.0,0.0,0.0
197030201,0.0,0.0,0.0
74605366,0.0,0.0,0.0
69881380,0.0002,2.9999999999999997e-05,0.0
35524868,0.0002,0.00014,0.0002
81053456,0.0,0.0,0.0
156848916,0.0001,0.00013000000000000002,0.0002
112541391,0.0,0.0,0.0
179472293,0.0008,0.00033999999999999997,0.0008
29664493,0.0,0.0,0.0
6279409,0.002,0.00085,0.002
41245831,0.0,0.0,0.0
112170634,0.0,0.0,0.0
11213399,0.0,0.0,0.0
77786978,0.0,0.0,0.0
2717922,0.0,0.0,0.0
119582917,0.0,0.0,0.0
152772294,0.0008,0.00011999999999999999,0.0002
179472825,0.0169,0.01722,0.0108
32953463,0.0001,1e-05,0.0
48027411,0.0,0.0,0.0
34647206,0.0,0.0,0.0
6061407,0.0001,0.0013,0.0048
108158448,0.0001,5e-05,0.0
209796861,0.0,0.0,0.0
57970617,0.0009,0.00055,0.0
123851705,0.0,0.00403,0.0204
133476629,0.0134,0.0035600000000000002,0.014
89307540,0.0002,9e-05,0.0
29552133,0.0,1e-05,0.0
23641531,0.0,0.0,0.0
108168126,0.0,0.0,0.0
25380260,0.0001,0.00011,0.0002
47630392,0.0,0.0,0.0
179582692,0.0,1e-05,0.0
13779319,0.0,0.0009400000000000001,0.0019
1220603,0.0,5.9999999999999995e-05,0.0004
112174916,0.0001,2.9999999999999997e-05,0.0002
238277197,0.0004,0.00056,0.002
55658081,0.0003,0.00056,0.0
108153549,0.0,0.0,0.0
41256293,0.0,0.0,0.0
24184993,0.0,0.0,0.0
139391338,0.0125,0.02541,0.0212
127647083,0.0004,0.00021,0.0004
34799322,0.0,0.0,0.0
94792984,0.0005,0.00016999999999999999,0.0
47690223,0.0,0.0,0.0
170345819,0.0003,0.00011999999999999999,0.0
133342161,0.0001,0.0001,0.0002
11224109,0.0,0.0,0.0
95570395,0.0,0.0,0.0
48538979,0.1719,0.17737,0.149
110246277,0.0178,0.00502,0.015
11223956,0.0,0.0,0.0
39433543,0.0027,0.0007099999999999999,0.0016
108160463,0.0,0.0,0.0
46752829,0.0378,0.01018,0.0322
42680048,0.0,0.0,0.0
128490514,0.0,9e-05,0.0
55352712,0.0022,0.00106,0.0022
59853803,0.0,0.0,0.0
56798173,0.0,0.0,0.0
32913165,0.0,0.0,0.0
108155043,0.0,0.0,0.0
41246152,0.0,0.0,0.0
90983460,0.0025,0.00295,0.001
166806142,0.0095,0.00243,0.0068
1459895,0.0019,0.0011099999999999999,0.0
152655420,0.0002,0.00021,0.0
23901954,0.0001,0.0,0.0
59821870,0.0,0.0,0.0
111351140,0.0,2.9999999999999997e-05,0.0
102898363,0.0,0.0,0.0
7579882,0.0,2.9999999999999997e-05,0.0002
41234611,0.0,1e-05,0.0
215848062,0.1445,0.19933,0.2035
45798130,0.0,9e-05,0.0
215657181,0.0,0.0,0.0
108163438,0.0,0.0,0.0
11215964,0.0,0.0,0.0
176710791,0.0,0.0,0.0
179435825,0.0001,0.00085,0.002
32591650,0.0,0.00065,0.0013
108363545,0.0,0.0,0.0
63336352,0.0,0.0,0.0
23641781,0.0,0.0,0.0
49424534,0.0381,0.09456,0.1228
6045522,0.0,0.0,0.0
55561810,0.0002,0.00027,0.0
238249370,0.0013,0.0009599999999999999,0.0002
21690035,0.0222,0.02079,0.014
179605765,0.0003,0.00016999999999999999,0.0
71891404,0.0003,0.00015,0.0
68856068,0.0,0.0,0.0
108175505,0.0,0.0,0.0
89882317,0.0,7e-05,0.0
153594495,0.0,0.0,0.0
6027020,0.0,0.0,0.0
227377,0.0,0.0,0.0
107315495,0.0,2.9999999999999997e-05,0.0
36931973,0.0,0.0,0.0
32912865,0.0,0.0,0.0
100962169,0.0122,0.01621,0.0084
17129566,0.0,0.0,0.0
68863641,0.0,1e-05,0.0
39009883,0.0001,5.9999999999999995e-05,0.0002
131951721,0.0,0.0,0.0
89844688,0.3672,0.39438,0.3626
108225564,0.0,2e-05,0.0
23646595,0.0,2e-05,0.0
179438273,0.0,9e-05,0.0004
14863136,0.0011,0.00128,0.0005
48026298,0.0,1e-05,0.0
32954268,0.0,2e-05,0.0
108160489,0.0,1e-05,0.0
68857496,0.0,0.0,0.0
88473986,0.0067,0.0031,0.009
179506006,0.0,0.0,0.0
26683071,0.0,7e-05,0.0002
166911140,0.0,0.0,0.0
179469609,0.0001,7e-05,0.0004
2134637,0.0,0.0,0.0
118307385,0.0,0.00926,0.0102
48032158,0.0,0.0,0.0
133263860,0.0,0.0,0.0
74750351,0.0833,0.04216,0.0737
6529191,0.0,0.0,0.0
47466549,0.0004,0.00128,0.0011
126094728,0.1328,0.0783,0.1739
201328765,0.0001,0.00016,0.0002
56770011,0.0001,2.9999999999999997e-05,0.0
171766566,0.0101,0.00296,0.0128
47600636,0.0,1e-05,0.0
179497119,0.0,0.0,0.0
90701606,0.0002,2.9999999999999997e-05,0.0
36595935,0.0001,0.0084,0.0136
41246038,0.0001,1e-05,0.0002
108143287,0.0,0.0,0.0
228560632,0.0006,0.00035,0.001
23928912,0.03,0.00905,0.028
140624426,0.0049,0.00057,0.0092
179472122,0.0003,0.00011999999999999999,0.0004
23400271,0.0015,0.00172,0.0004
32428317,0.0003,0.0003,0.0
65527711,0.0002,0.00016999999999999999,0.0002
7578537,0.0,1e-05,0.0
48376300,0.0001,1e-05,0.0
108202720,0.0,0.0,0.0
11216172,0.0,0.0,0.0
33433440,0.0,0.0,0.0
6412647,0.0,0.0,0.0
59924539,0.0001,0.00016,0.0
71762435,0.0,0.0,0.0
41243604,0.0,0.0,0.0
112178066,0.0,1e-05,0.0
160011793,0.0005,0.00045999999999999996,0.0
47365143,0.0,1e-05,0.0
38655273,0.0,0.0,0.0
10188297,0.0,0.0,0.0
21882155,0.0002,0.00028,0.0
100658894,0.0,0.0,0.0
128470680,0.0052,0.00173,0.0056
38651270,0.0,0.0,0.0
112177272,0.0,2e-05,0.0
39076763,0.0,5.9999999999999995e-05,0.0
38785042,0.0038,0.0012900000000000001,0.004
133241878,0.0035,0.00105,0.0026
7577536,0.0,0.0,0.0
20982585,0.0001,7e-05,0.0
186427791,0.0361,0.00975,0.0306
30913845,0.0,0.0034100000000000003,0.0012
32954277,0.0,0.0,0.0
91727487,0.0007,0.00074,0.001
29687566,0.0001,1e-05,0.0
15808900,0.0001,2.9999999999999997e-05,0.0
97299853,0.3309,0.35647,0.2895
87069546,0.0001,0.00018,0.0002
154247435,0.0001,0.00037999999999999997,0.0014
71021701,0.0,0.0,0.0
89685307,0.0,0.0,0.0
7124241,0.0,0.0,0.0
11132541,0.0019,0.00078,0.0022
140903734,0.0,0.0,0.0
1207063,0.0,0.0,0.0
32911952,0.0,0.0,0.0
7580069,0.0,0.00016999999999999999,0.0006
50964440,0.0,0.0,0.0014
179428911,0.0,0.0,0.0
29121058,0.0001,4e-05,0.0
58392880,0.0005,0.0044399999999999995,0.0026
127595388,0.0,5.9999999999999995e-05,0.0
29091741,0.0,2.9999999999999997e-05,0.0
201335991,0.0001,5e-05,0.0004
152346114,0.0,0.0,0.0
107315496,0.0007,0.00035,0.0
17118406,0.0,0.0,0.0
108119828,0.0,0.0,0.0
8696907,0.0778,0.12164000000000001,0.135
127873140,0.0003,7e-05,0.0002
64489478,0.0,0.00108,0.003
88683390,0.0,0.0,0.0
28648922,0.0,2e-05,0.0
56092600,0.0001,0.00011,0.0002
129712633,0.0,1e-05,0.0
149226111,0.0002,0.00022,0.0002
68171348,0.0001,4e-05,0.0
215645502,0.0,0.0,0.0
166183502,0.0003,0.00026000000000000003,0.0018
6279202,0.0002,0.00016999999999999999,0.0
152536035,0.0003,0.00016999999999999999,0.0
44144013,0.0,0.0,0.0
52520507,0.0529,0.05802,0.025
48389485,0.0076,0.0020399999999999997,0.0066
21974776,0.0,0.0,0.0
108186786,0.0,0.0,0.0
103379193,0.0008,0.0006900000000000001,0.0004
29509657,0.0,1e-05,0.0
179424719,0.0,0.0,0.0
135140020,0.0054,0.0034200000000000003,0.0026
108172507,0.0,0.0,0.0
108121752,0.0,0.0,0.0
179476651,0.0002,4e-05,0.0
135784390,0.0104,0.0030800000000000003,0.0108
131925413,0.0002,0.0004,0.0002
29078220,0.0015,0.00476,0.0006
32729341,0.0001,0.00013000000000000002,0.0
15772142,0.0079,0.00234,0.0076
90967629,0.0,0.0,0.0
121769078,0.0,0.00025,0.0002
50919027,0.0,0.0,0.0
39002928,0.0,0.0,0.0
29663937,0.0,0.0,0.0
133849868,0.01,0.01241,0.0082
73492096,0.0049,0.00398,0.0058
47410167,0.0001,0.00013000000000000002,0.0
39932400,0.0003,0.00013000000000000002,0.0
59992665,0.0,0.053070000000000006,0.021
30969283,0.0102,0.00259,0.0074
38964109,0.0504,0.01487,0.0539
32937324,0.0,0.0,0.0
100205255,0.0087,0.00857,0.0056
7593589,0.3019,0.28745,0.2556
72308219,0.0,0.0025,0.0054
19951534,0.1486,0.15996,0.1594
236958998,0.0012,0.0,0.0012
18981062,0.0004,0.00043,0.001
172650165,0.0328,0.033760000000000005,0.016
128477472,0.1164,0.10887999999999999,0.1218
55524197,0.0,0.0,0.0
41245669,0.0,2e-05,0.0
10191562,0.0,0.0,0.0
48707938,0.0003,7e-05,0.0
50905027,0.0,0.0,0.0
145006736,0.0,0.0,0.0
61115746,0.0002,0.00031,0.0008
45814094,0.0732,0.07515,0.0332
91729132,0.0002,0.0010199999999999999,0.002
114276906,0.0024,0.0026100000000000003,0.0008
90965808,0.0,0.0,0.0
102514895,0.0,0.0,0.0
66299223,0.0002,0.00379,0.0064
166848898,0.0,9e-05,0.0
48025871,0.0,2e-05,0.0
57970540,0.0008,0.0009199999999999999,0.0002
68846091,0.0,0.0,0.0
29091206,0.0,0.0,0.0
56772357,0.0,0.0,0.0
39928051,0.0,0.00011,0.0002
9809300,0.0171,0.0425,0.1024
41244968,0.0,0.0,0.0
53280117,0.0241,0.00878,0.0
182759467,0.0,0.00016999999999999999,0.0
158612236,0.0,0.0,0.0
11151988,0.0,2e-05,0.0
32918758,0.0,0.0,0.0
5969270,0.0002,0.00011999999999999999,0.0
32945204,0.0,0.0,0.0
216497611,0.0,0.0,0.0
107329557,0.0004,0.00054,0.001
41223000,0.0,0.0,0.0
110920683,0.0004,0.00022,0.0002
29120984,0.0,0.0,0.0
39933515,0.0,0.0,0.0
41234585,0.0,0.0,0.0
176721198,0.0,0.0,0.0
11113713,0.0002,4e-05,0.0
108203580,0.0,2e-05,0.0
20766921,0.0,0.0,0.0
97366703,0.0058,0.0044,0.0016
21726710,0.0,0.00018,0.0
169869901,0.0457,0.04385,0.0461
127693017,0.0001,5.9999999999999995e-05,0.0
108155050,0.0,0.0,0.0
32931945,0.0,0.0,0.0
130616634,0.0,0.0,0.0
78079669,0.0,0.0,0.0
179531966,0.0,0.0,0.0
107589246,0.0026,0.0016600000000000002,0.001
68257485,0.1526,0.14558,0.0747
143028408,0.0,0.0,0.0
179637951,0.0045,0.00115,0.0036
14951202,0.0033,0.0007099999999999999,0.0004
179606050,0.0,2.9999999999999997e-05,0.0
94495071,0.0,0.0002,0.0
32929029,0.0,0.0,0.0
94564483,0.0464,0.04069,0.0533
32928936,0.0,0.0,0.0038
23641546,0.0,0.0,0.0
179553393,0.0007,0.00045999999999999996,0.0
53653005,0.0109,0.01035,0.0036
28648100,0.0005,0.00027,0.0004
97416344,0.0,0.0,0.0008
19822830,0.1422,0.14528,0.1254
47602127,0.0,4e-05,0.0
56780615,0.0,0.0,0.0
21695466,0.0002,0.00014,0.0002
32413566,0.0,0.0,0.0
133527672,0.0004,0.0083,0.0053
215617254,0.0,1e-05,0.0
37089132,0.0,0.0,0.0
108106435,0.0027,0.00075,0.0014
179547459,0.0001,0.00016,0.0
179472566,0.0,0.00018999999999999998,0.0002
29445425,0.0292,0.008409999999999999,0.0334
36594676,0.0048,0.00386,0.0014
5578101,0.0096,0.0037600000000000003,0.0076
152960008,0.0006,0.00045999999999999996,0.0
57971848,0.0009,0.00085,0.0004
17511868,0.0,0.0,0.0
49427754,0.0,0.00023999999999999998,0.0002
135778060,0.0,0.0,0.0
47361269,0.0,0.0,0.0
48368128,0.0537,0.05501,0.0256
141370224,0.0,2.9999999999999997e-05,0.0
179631357,0.0,0.0,0.002
10432042,0.0002,5e-05,0.0
47786722,0.0008,0.00053,0.0004
11145673,0.0,0.0,0.0
197061086,0.0348,0.034210000000000004,0.015
2869129,0.0069,0.016669999999999997,0.0166
237659822,0.0002,4e-05,0.0
47637497,0.0,0.0,0.0
10188284,0.0001,1e-05,0.0
7583885,0.0101,0.00962,0.0066
44223046,0.0141,0.0022600000000000003,0.0256
161520969,0.0003,0.00014,0.0
17118502,0.0,0.0,0.0
108214033,0.0,1e-05,0.0
1401412,0.0,0.0,0.0
112163681,0.0006,0.00023999999999999998,0.0006
49437750,0.0027,0.00075,0.0024
37439889,0.0008,0.00121,0.0002
15511824,0.0,0.00091,0.0014
38447569,0.1113,0.030860000000000002,0.1112
108180885,0.0,0.0,0.0
52439788,0.0,0.0,0.0
108158446,0.0,0.0,0.0
179413348,0.0006,0.0009,0.0002
107780483,0.0022,0.01455,0.0242
112179362,0.0,0.0,0.0
47357479,0.0038,0.01275,0.0016
7579705,0.0,0.0,0.0018
36549690,0.1535,0.17948,0.1256
29664899,0.0,0.0,0.0
7578507,0.0,0.0,0.0
89623251,0.0,0.0,0.0
78087127,0.0,4e-05,0.0
150526044,0.0,0.0,0.0
32913276,0.0,0.0,0.0
215609850,0.0,0.0,0.0
18327684,0.0,0.0,0.0
2136771,0.0,0.0,0.0
41219619,0.0001,5.9999999999999995e-05,0.0
49442484,0.0002,0.00022,0.0002
59763200,0.0,2e-05,0.0
35876274,0.2932,0.24445999999999998,0.2209
119077232,0.0,0.0,0.0
33392479,0.0147,0.0046700000000000005,0.0174
179650665,0.0,2e-05,0.0
48033749,0.0002,8e-05,0.0
38647478,0.0141,0.00403,0.011
171774272,0.0191,0.0063100000000000005,0.0174
201036006,0.0,0.0,0.0
63877642,0.0219,0.00656,0.022
45796900,0.0,0.0,0.0
76781905,0.0,0.0,0.4597
49578884,0.0,0.0,0.0
240900612,0.0,0.0,0.0
6302917,0.0001,0.00056,0.0014
112111381,0.0,0.0,0.0
1219401,0.0,0.0,0.0
54521869,0.0,0.052629999999999996,0.0305
63877667,0.0057,0.0019,0.008
48010484,0.0,0.0,0.0
55677776,0.0111,0.008490000000000001,0.0036
99700378,0.0085,0.00748,0.0022
95395247,0.0,0.0,0.0
16298572,0.0001,0.00018999999999999998,0.0004
153220282,0.0169,0.0097,0.0127
55504650,0.0,0.0,0.0
161528280,0.3071,0.28541,0.3716
124239020,0.0009,0.00101,0.001
38591914,0.0,2e-05,0.0
32466693,0.0001,5e-05,0.0
47630369,0.0,0.0,0.0
90762858,0.0004,0.00447,0.0086
68396044,0.0002,7e-05,0.0004
29508447,0.0002,4e-05,0.0
23900683,0.0,0.0,0.0
45650900,0.076,0.11995,0.1014
13864671,0.0235,0.00692,0.0256
11097621,0.0,0.0,0.0
189963501,0.0068,0.00639,0.0044
89805946,0.0001,0.0001,0.0
21971087,0.0022,0.00205,0.001
110238516,0.0002,0.00047000000000000004,0.0
137705902,0.0004,0.00045,0.0002
23646296,0.0,0.0,0.0
95566192,0.0,0.0,0.0
52437171,0.0,0.0,0.0
135772608,0.0,0.0,0.0
2954823,0.0003,0.00044,0.001
38995975,0.3082,0.32941,0.406
45354548,0.0,0.0,0.0
47353650,0.0002,2.9999999999999997e-05,0.0004
60194107,0.0027,0.0019100000000000002,0.0012
123411622,0.0004,0.00179,0.0024
1782578,0.0142,0.00412,0.0126
2126590,0.0,0.0,0.0
63533078,0.0,0.0,0.0
33523448,0.0022,0.002,0.002
30999069,0.0001,2.9999999999999997e-05,0.0
15676984,0.0,0.0,0.0
73466774,0.0033,0.00151,0.0028
38147170,0.0905,0.09998,0.1295
47643447,0.0,0.0,0.0
179428624,0.0,0.0004,0.0
39025366,0.0118,0.03374,0.0351
107315556,0.0,0.0,0.0
88683342,0.0002,2e-05,0.0
153593833,0.0,5e-05,0.0
51712658,0.0,4e-05,0.0
88649868,0.0,2e-05,0.0
29099494,0.0,0.00044,0.0
15811209,0.0038,0.0062,0.0024
50917041,0.0,4e-05,0.0
179559353,0.0022,0.00232,0.0004
32913761,0.0,5e-05,0.0
87679178,0.0,2.9999999999999997e-05,0.0
10246950,0.0,0.0,0.0
78063675,0.0,4e-05,0.0
6328809,0.0209,0.00588,0.0152
13152400,0.0611,0.04519,0.0787
7166376,0.2255,0.25492,0.2448
89685245,0.0,0.0,0.0
59761398,0.0,1e-05,0.0
11224093,0.0,0.0,0.0
29585351,0.0,0.00055,0.0
108173767,0.0,0.0,0.0
15818811,0.0,5.9999999999999995e-05,0.0
90965759,0.0,0.0,0.0
50905373,0.0001,0.00064,0.0004
47580444,0.0,0.00022,0.0002
119565269,0.0006,0.00016999999999999999,0.0
53679577,0.0022,0.00057,0.0026
12774208,0.3186,0.25665,0.2394
238280491,0.0009,0.00033,0.002
94817024,0.0,2e-05,0.0
15814717,0.0149,0.01427,0.0048
127800510,0.0001,0.0,0.0
238253152,0.0234,0.02967,0.0196
73470719,0.0,0.0,0.0
76919517,0.0001,2.9999999999999997e-05,0.0
207656486,0.0027,0.0009199999999999999,0.0034
179537200,0.0029,0.0036799999999999997,0.001
15832512,0.001,0.00059,0.0
48027332,0.0,0.0,0.0
139493895,0.0,0.0,0.0
176831285,0.0027,0.0012,0.005
6013052,0.0,0.0,0.0
112128202,0.0025,0.0022199999999999998,0.0012
227922279,0.0,0.0,0.0
50919080,0.0,0.0,0.0
58145263,0.0,0.0,0.0
108160395,0.0,0.0,0.0
68229413,0.0001,2.9999999999999997e-05,0.0
23646872,0.0001,4e-05,0.0
100177309,0.0032,0.00373,0.0016
108181014,0.0,0.00011,0.0
91549010,0.0012,0.00103,0.0
65253232,0.4044,0.33810999999999997,0.4695
21765494,0.0073,0.00248,0.0054
70775959,0.0543,0.049589999999999995,0.0268
41246650,0.0,0.0,0.0
50917065,0.0,2e-05,0.0
144991428,0.0901,0.02528,0.0837
18065888,0.2039,0.1854,0.157
149764948,0.004,0.00495,0.0021
90016778,0.0077,0.00954,0.0052
30419954,0.0973,0.07943,0.0723
179539807,0.0005,0.00011,0.0
66466931,0.0,0.0,0.0
112178920,0.0,2e-05,0.0
36608553,0.0,1e-05,0.0
108119712,0.0,0.0,0.0
215901702,0.0445,0.01385,0.0391
3647692,0.0651,0.06277999999999999,0.0549
114793742,0.0,0.00032,0.0004
108199898,0.0,0.0,0.0
18054453,0.032,0.0289,0.0062
52317574,0.0081,0.00234,0.0066
179424422,0.0,0.0,0.0
94228268,0.0002,0.00055,0.0002
112163631,0.0,0.00101,0.0028
118898370,0.0045,0.00365,0.0024
104357006,0.0,0.0,0.0
5624521,0.0009,0.00037999999999999997,0.001
43615134,0.0,0.0,0.0
52437625,0.0,0.0,0.0
88681283,0.0,1e-05,0.0
41245719,0.0,0.0,0.0
133233815,0.0,0.0,0.0
50920543,0.0008,0.00022999999999999998,0.0004
78148935,0.0153,0.01125,0.0108
2129102,0.0001,8e-05,0.0
44122781,0.0,0.0,0.0
2798230,0.0,0.0,0.0
52532470,0.0001,4e-05,0.0
29557311,0.0,1e-05,0.0
2115506,0.0511,0.05656,0.0344
957640,0.0318,0.02016,0.0328
152949515,0.0002,0.00039,0.0
48010620,0.0,0.0,0.0
32914142,0.0,0.0,0.0
202492057,0.0001,4e-05,0.0
32950932,0.0,0.0,0.0
108175400,0.0,0.0,0.0
59858254,0.0,0.0,0.0
179496931,0.0001,0.00027,0.0002
94849061,0.0,0.0,0.0
23640535,0.0,0.0,0.0
48026778,0.0,1e-05,0.0
45206933,0.0022,0.00385,0.0016
7579336,0.0,0.0,0.0
48375568,0.4528,0.48963,0.4828
94777845,0.0001,0.00014,0.0
67254509,0.0273,0.007370000000000001,0.0204
52760957,0.0411,0.03758,0.0328
32913162,0.0,0.0,0.0
202490774,0.0018,0.0013800000000000002,0.0022
49685865,0.0007,0.0005,0.0004
68845758,0.0001,4e-05,0.0002
534278,0.0,0.0,0.0
29663850,0.0,1e-05,0.0
7591997,0.0275,0.00755,0.0266
61981554,0.0,0.0,0.0
170150671,0.2835,0.32044,0.3702
91726470,0.0022,0.0013599999999999999,0.001
77765922,0.0,7e-05,0.0
128691930,0.0017,0.00242,0.0008
145006793,0.0,0.00292,0.0034
153135929,0.0111,0.00331,0.0077
189916955,0.0052,0.00161,0.0082
155771600,0.0021,0.0007,0.0008
161576191,0.0,0.0,0.0
663879,0.0003,0.00011999999999999999,0.0
78135201,0.2918,0.20072,0.2592
133182590,0.0001,5e-05,0.0
144996168,0.0,5e-05,0.0
29115474,0.0,0.0,0.0
137693830,0.0,5.9999999999999995e-05,0.0
13829799,0.3957,0.38627,0.4433
179584003,0.0,5.9999999999999995e-05,0.0
100146901,0.0013,0.00124,0.0006
23889766,0.0,0.0,0.0
112154942,0.0,0.0,0.0
45805881,0.0,0.0,0.0
48028146,0.0,2.9999999999999997e-05,0.0
37067366,0.0,0.0,0.0
10436860,0.0011,0.0009599999999999999,0.0012
3306602,0.0043,0.00116,0.0018
148424206,0.0002,5.9999999999999995e-05,0.0004
47422632,0.0,0.0,0.0
133936490,0.0012,0.00033,0.0002
100652862,0.0,0.0,0.0
148388512,0.0016,0.0009,0.0004
89711964,0.0,0.0,0.0
29557361,0.0,0.0,0.0
211518741,0.0051,0.0054,0.0018
137206683,0.0,0.0,0.0
84676864,0.0001,0.00025,0.0
13428120,0.0,0.0,0.0
3402354,0.0002,0.00022999999999999998,0.0004
215610448,0.0,0.0,0.0
17699405,0.0,0.00022999999999999998,0.0
33131451,0.0014,0.0018899999999999998,0.0008
38958452,0.0,0.00021,0.0004
32914636,0.0,0.0,0.0
129691132,0.079,0.08567000000000001,0.0967
90955527,0.0,0.0,0.0
129837463,0.0,0.0005,0.0014
8369918,0.0108,0.00884,0.007
100376359,0.0,0.0,0.0
65509264,0.0009,0.0007,0.0006
100637663,0.0158,0.0053100000000000005,0.0198
47705684,0.0013,0.03174,0.0522
774193,0.0022,0.0037700000000000003,0.0058
32914215,0.0,1e-05,0.0
43622165,0.0,1e-05,0.0002
135772976,0.0002,5.9999999999999995e-05,0.0
189922169,0.0003,0.00035,0.0
108163375,0.0001,0.0,0.0
133215782,0.0,0.0,0.0
52303380,0.0,2.9999999999999997e-05,0.0
145813920,0.0,0.0135,0.0032
108115524,0.0,1e-05,0.0
126732300,0.0053,0.00168,0.0068
6017252,0.0,0.0,0.0002
93489283,0.0,0.0,0.0
111000985,0.0,0.0,0.0
179480475,0.0,0.0002,0.0004
148897393,0.0,0.00108,0.0012
89986065,0.0005,0.00084,0.0
32936768,0.0,2.9999999999999997e-05,0.0
2160622,0.0003,0.00073,0.0002
59761198,0.0,0.0,0.0
50909729,0.0,0.0,0.0
85365107,0.0002,0.00016999999999999999,0.0002
147480112,0.4267,0.0,0.4329
64600800,0.0007,0.00101,0.0004
47641492,0.0,0.0,0.0
101570124,0.0,0.0,0.0
170371224,0.015,0.00365,0.013
233734,0.2824,0.15974000000000002,0.2578
7583173,0.0,0.0,0.0
106888868,0.0,0.0017800000000000001,0.0032
52896218,0.0,0.0,0.0
1816045,0.001,0.00037,0.0002
78082182,0.0,0.0,0.0
41114269,0.043,0.014530000000000001,0.0441
78709083,0.0108,0.00902,0.0054
11141458,0.0001,0.00025,0.0
88683209,0.0008,0.0008300000000000001,0.0002
10183744,0.0,0.00037999999999999997,0.0008
145584694,0.0278,0.02513,0.009
112176919,0.0,0.0,0.0
41251857,0.0,0.0,0.0
88462302,0.0,0.0,0.0
47369407,0.0,0.0,0.0
101589100,0.0,0.0,0.0
133225919,0.0,0.0,0.0
112102953,0.0,0.0,0.0
47065636,0.1019,0.04682,0.0967
110231738,0.0016,0.00061,0.0004
48026812,0.0,0.0,0.0
144994908,0.0011,0.00079,0.0
237656365,0.0002,0.00016999999999999999,0.0
50779796,0.0,0.00047000000000000004,0.0002
6022449,0.0,5e-05,0.0
17142088,0.0025,0.0006,0.001
11230856,0.0,0.0,0.0
131977963,0.0567,0.01511,0.0471
68685306,0.0003,0.00018,0.0002
72978552,0.0575,0.08394,0.0375
179419216,0.0061,0.00203,0.0066
89986119,0.0005,0.0008699999999999999,0.0002
120446750,0.0,0.0,0.0
131953850,0.0012,0.00026000000000000003,0.0
41246515,0.0,0.0,0.0
50905586,0.0008,0.00022999999999999998,0.0004
41246659,0.0,0.0,0.0
57232242,0.0001,0.0001,0.0
76216214,0.0,4e-05,0.0
131945079,0.0,0.0,0.0
68772197,0.0,0.0,0.0
17394178,0.0,0.0,0.0
92077206,0.0,0.0,0.0
10191605,0.0002,0.00022999999999999998,0.0
91550232,0.0233,0.00662,0.024
18979600,0.0,0.0,0.0
121038773,0.0001,0.0,0.0
74893628,0.0,0.00011,0.0
23614909,0.0,0.0,0.0
75513883,0.0,0.0,0.0
29550550,0.0019,0.0012699999999999999,0.0004
112524722,0.0023,0.0005,0.0014
73518273,0.0,0.0,0.0
75583325,0.0822,0.07451,0.1046
113287694,0.0289,0.028610000000000003,0.0162
6038749,0.0,0.0,0.0
28497660,0.0002,7e-05,0.0
112179419,0.0,0.0,0.0
51387782,0.105,0.07602,0.0935
48759593,0.0,0.0,0.0
41519462,0.0,0.0,0.0
75932207,0.0011,0.00293,0.0004
2788615,0.0055,0.02201,0.003
36594516,0.0015,0.00037999999999999997,0.0012
127674703,0.0002,0.00016999999999999999,0.0
5154232,0.0024,0.0019399999999999999,0.0014
48025971,0.0,0.0,0.0
123419687,0.0,0.0011,0.0014
145741960,0.0038,0.0040100000000000005,0.0008
3656525,0.0092,0.00505,0.006
5248173,0.0,0.00029,0.0028
137623460,0.0,7e-05,0.0
29095876,0.0,0.0,0.0
179412966,0.0204,0.02132,0.009
2105400,0.1284,0.08711,0.0921
179458414,0.0003,2.9999999999999997e-05,0.0
144998849,0.0,0.0,0.0
26462021,0.0035,0.00122,0.0034
41542780,0.0034,0.0038799999999999998,0.0012
39236493,0.0017,0.0021,0.0006
35524944,0.1164,0.14273,0.1192
15298031,0.0084,0.007259999999999999,0.0038
1807166,0.0007,0.0005200000000000001,0.0008
133249309,0.0,0.0,0.0
4802823,0.0,0.0,0.0
179640716,0.0,0.0011,0.002
47643524,0.0001,2e-05,0.0
23379172,0.0046,0.00461,0.0038
108202221,0.0,0.0,0.0
21678618,0.0,0.0,0.0
33031089,0.0,9e-05,0.0002
232952240,0.0011,0.00078,0.0004
32912763,0.0,0.0,0.0
101594162,0.0,0.0,0.0
21981971,0.0,0.0,0.0
108204659,0.0,0.0,0.0
22089619,0.0001,0.00148,0.0018
112179169,0.0,5e-05,0.0
127668735,0.0009,0.00029,0.0002
47356628,0.0009,0.00109,0.0004
38156584,0.0075,0.009059999999999999,0.0029
31388740,0.0011,0.0011,0.0016
11098502,0.0,0.0,0.0
11097014,0.0,0.0,0.0
112341673,0.0,0.0,0.0
131893019,0.0002,2.9999999999999997e-05,0.0
241662983,0.0405,0.02908,0.0479
35430606,0.0,4e-05,0.0
8138503,0.014,0.00418,0.0118
56770139,0.0001,1e-05,0.0
112177743,0.0,0.0,0.0
52317541,0.0041,0.00122,0.0046
57693446,0.0,4e-05,0.0
47422195,0.0026,0.00733,0.003
1949939,0.141,0.10743,0.1272
94169012,0.0,0.0,0.0
2138253,0.0,5e-05,0.0
89930946,0.001,0.00022,0.0002
26467465,0.0023,0.00364,0.0006
108155168,0.0,1e-05,0.0
37092108,0.0,0.0,0.0
25380194,0.0002,0.00016999999999999999,0.0
32971075,0.0,0.0,0.0
71791912,0.231,0.24877,0.4175
32945092,0.0,0.0,0.0
32929216,0.0,0.0,0.0
112103037,0.0,1e-05,0.0
97897669,0.0,1e-05,0.0
22646970,0.0071,0.007370000000000001,0.0032
7578244,0.0,0.0,0.0
97510607,0.0191,0.00488,0.0138
6167196,0.4309,0.34471999999999997,0.377
1220486,0.0,0.0,0.0
45354305,0.0016,0.00041,0.0014
152458435,0.0,0.0,0.0
2131753,0.0,4e-05,0.0002
138623358,0.0017,0.00185,0.0
71816713,0.0011,0.00049,0.001
50902264,0.0001,4e-05,0.0
108186756,0.0,0.0,0.0
41244217,0.0,0.00045,0.0
64195911,0.0134,0.00349,0.0088
179398591,0.0009,0.0007099999999999999,0.0012
76885871,0.0001,4e-05,0.0
25603008,0.0661,0.08199,0.0547
112178457,0.0,0.0,0.0
43815035,0.0046,0.004529999999999999,0.0018
100791127,0.0008,0.00018999999999999998,0.0002
1785113,0.0,0.00018,0.0
41258472,0.0,0.0,0.0
824777,0.0017,0.0,0.0116
2676772,0.0005,0.00037999999999999997,0.0004
179597767,0.0,0.0,0.0
6042266,0.0,0.0,0.0
237777429,0.0,9e-05,0.0
56770150,0.0,0.0,0.0
90174717,0.0032,0.0013800000000000002,0.0038
108124486,0.0,0.0,0.0
7579735,0.0,0.0,0.0
37035164,0.0,0.0,0.0
4802025,0.0059,0.00577,0.001
133209021,0.0,0.0,0.0
179590708,0.001,0.00106,0.0002
29130578,0.0,7e-05,0.0
25458232,0.4653,0.0,0.0
32235078,0.0,0.0,0.0
51923404,0.0135,0.0038,0.01
30686236,0.0,0.0,0.0
49509063,0.0,0.0,0.0
141461266,0.0,0.0,0.0
26993597,0.2631,0.3058,0.2374
47641506,0.0,0.0,0.0
65369531,0.3755,0.40242,0.0
2591900,0.0,1e-05,0.0
68696672,0.0,5.9999999999999995e-05,0.0002
108098418,0.0,2.9999999999999997e-05,0.0
2138271,0.0,0.0,0.0
32911989,0.0,0.0,0.0
38508249,0.0048,0.00812,0.004
24709952,0.0003,0.00123,0.001
94502888,0.0001,0.0026899999999999997,0.009
48581161,0.0,0.0,0.0
7578406,0.0,1e-05,0.0
47707879,0.0,1e-05,0.0
198363504,0.1644,0.16426,0.1582
48026254,0.0,0.0,0.0
237875107,0.0,2e-05,0.0
68856114,0.0,0.0,0.0
124171538,0.0046,0.00238,0.0006
13441051,0.0007,0.00145,0.0008
179580383,0.0001,0.00022999999999999998,0.0
100662811,0.0,0.0,0.0
50364866,0.0,0.0,0.0
32907387,0.0,0.0,0.0
127599227,0.0004,0.00037,0.0
40757555,0.0,0.0,0.0
45868291,0.0009,0.022,0.0373
133219810,0.0,0.0,0.0
131944359,0.0,0.0,0.0
48703418,0.0005,0.00011999999999999999,0.0004
47372859,0.0001,9e-05,0.0
28673541,0.0,0.0,0.0
41245721,0.0,2.9999999999999997e-05,0.0
9806845,0.0004,0.00062,0.0
32900739,0.0,2e-05,0.0
215645974,0.0,0.0,0.0
237777582,0.0044,0.00128,0.0058
189872637,0.0001,2.9999999999999997e-05,0.0
179592035,0.0001,2.9999999999999997e-05,0.0002
166747029,0.0004,0.00032,0.0002
68172153,0.0,4e-05,0.0002
7581011,0.0009,0.00133,0.0006
117171044,0.0,0.0,0.0
166847834,0.0009,0.00023999999999999998,0.0012
50779469,0.1863,0.20965999999999999,0.132
55582127,0.0089,0.01938,0.0096
152673347,0.0,0.0,0.0
179647297,0.0002,0.00013000000000000002,0.0002
95582098,0.0,0.0,0.0
228552105,0.0,0.00125,0.002
23563838,0.0,0.0,0.0
150648680,0.0,0.0,0.0
179400344,0.0,2.9999999999999997e-05,0.0
52520473,0.0,2.9999999999999997e-05,0.0002
112174678,0.0,0.0,0.0
202050856,0.0697,0.01994,0.0725
127641615,0.0016,0.00098,0.002
179640894,0.0003,0.00031,0.0
30945376,0.0,0.0,0.0
10183722,0.0,0.0,0.0
29118702,0.0013,0.00047999999999999996,0.0008
103152919,0.192,0.13676,0.1937
48026027,0.0,0.0,0.0
89623167,0.0,0.0,0.0038
112915494,0.0,4e-05,0.0
152540187,0.0012,0.00023999999999999998,0.0
108122627,0.0,0.0,0.0
50906312,0.0,0.0,0.0
91290726,0.0,0.0,0.0
112176910,0.0,0.0,0.0
38622726,0.0,1e-05,0.0
65016977,0.0,0.0,0.0
45798518,0.0,0.0,0.0
146805228,0.0,0.39854,0.3793
133220444,0.0,0.0,0.0
73679481,0.0,0.0,0.0
32972770,0.0,0.0,0.0
112175632,0.0,0.0,0.0
48033502,0.0,5.9999999999999995e-05,0.0002
108181041,0.0,0.0,0.0
47552157,0.0005,0.00119,0.0002
179606118,0.0,0.00022,0.0
94486693,0.0005,0.0047799999999999995,0.0102
91632013,0.0144,0.00455,0.0144
29091800,0.0,0.0,0.0
23647098,0.0,1e-05,0.0
89720741,0.0002,2e-05,0.0
95566103,0.0,0.0,0.0
44918609,0.0,0.0,0.0
75404174,0.0001,2e-05,0.0002
94212930,0.0,0.0,0.0
145004416,0.0,0.0,0.0
113890304,0.3332,0.30816,0.35
29665766,0.0,0.0,0.0
55525313,0.0038,0.00161,0.0042
108173677,0.0,1e-05,0.0
47371334,0.0,2e-05,0.0
108196952,0.0,0.0,0.0
30408306,0.0158,0.013380000000000001,0.0084
17552969,0.0003,0.006940000000000001,0.0136
26862212,0.0,0.0,0.0
98209649,0.0001,2.9999999999999997e-05,0.0
125831701,0.2531,0.29057,0.2422
223666,0.0001,0.00055,0.0002
137646112,0.0,0.0,0.0
47371366,0.0,0.0,0.0
77769186,0.0002,0.00016999999999999999,0.0
109513638,0.0,0.0,0.0
28494437,0.0103,0.0013,0.0112
149247255,0.0,2e-05,0.0
81388105,0.0001,8e-05,0.0002
45798475,0.0,0.0,0.0
21224853,0.0285,0.024069999999999998,0.0142
71863159,0.0004,0.0006900000000000001,0.0002
112179324,0.0,0.0,0.0
32954142,0.0,2.9999999999999997e-05,0.0
92347623,0.0145,0.00594,0.0218
81603871,0.0,0.0,0.0
135786012,0.0,0.0,0.0
37006500,0.0021,0.00075,0.0032
44189393,0.0055,0.00905,0.0044
7572292,0.0002,0.00021,0.0
91354640,0.0031,0.0038200000000000005,0.0014
43607620,0.0,0.0,0.0
47421173,0.0,2.9999999999999997e-05,0.0
114286187,0.0,0.0,0.0
191097966,0.0,0.0,0.0
59878603,0.0001,9e-05,0.0
32914454,0.0,2.9999999999999997e-05,0.0
47362772,0.0001,0.00015,0.0
179440215,0.0,0.00016999999999999999,0.0004
40913591,0.0026,0.0008300000000000001,0.0028
179613264,0.0002,0.006229999999999999,0.0086
46010073,0.0,0.00029,0.001
94847262,0.0306,0.020069999999999998,0.0196
22281195,0.0,0.0,0.0
6279325,0.0,0.0,0.0
13409769,0.001,0.0011099999999999999,0.002
73464825,0.0,0.00025,0.0002
186425703,0.0105,0.00283,0.0066
52895244,0.0,0.0,0.001
32910698,0.0,0.0,0.0
36694954,0.0261,0.03922,0.0525
201331523,0.0,2e-05,0.0
43597999,0.0,0.0,0.0
137519634,0.0056,0.00132,0.0042
14220023,0.0049,0.03778,0.0651
17590269,0.2673,0.24633000000000002,0.2426
98220571,0.0001,5e-05,0.0
59858221,0.0,0.0,0.0
179500870,0.0,2.9999999999999997e-05,0.0
135771992,0.0,4e-05,0.0
29456488,0.0009,0.00036,0.0016
2229476,0.0328,0.0255,0.0254
29490371,0.0,2.9999999999999997e-05,0.0
67479763,0.0001,2e-05,0.0
117180211,0.0,5e-05,0.0002
11215959,0.0,0.0,0.0
2039793,0.0,0.03905,0.0292
152665303,0.0279,0.00867,0.027
39205259,0.0,9e-05,0.0
148571853,0.0,0.0,0.0
179641459,0.0,2e-05,0.0
52438495,0.0,0.0,0.0
47635565,0.0,0.0,0.0
23614888,0.0,1e-05,0.0
133225553,0.0001,2.9999999999999997e-05,0.0
156186284,0.0,2.9999999999999997e-05,0.0
44476986,0.0002,0.00022999999999999998,0.0002
112174030,0.0,5.9999999999999995e-05,0.0002
42152143,0.0145,0.00375,0.0124
2652909,0.0001,0.0,0.0002
19367469,0.0009,0.00027,0.0003
61655179,0.0006,0.00032,0.0
29091856,0.0,0.00182,0.001
186429548,0.0,1e-05,0.0
103826995,0.0092,0.00346,0.0124
111959625,0.1201,0.039760000000000004,0.1134
133785936,0.0,0.0,0.0
157100104,0.0,0.0,0.0
29178573,0.0,0.0,0.0
45713689,0.0026,0.00054,0.0006
186423550,0.0016,0.00054,0.0024
78084517,0.0,0.0,0.0
112176469,0.0003,2.9999999999999997e-05,0.0002
20763170,0.0,0.0,0.0
41267762,0.0,0.0,0.0
21971019,0.0,1e-05,0.0
19200988,0.0654,0.03242,0.0651
59886044,0.0002,2.9999999999999997e-05,0.0
117280015,0.0,0.0,0.0
128781339,0.0,0.0,0.0
132211530,0.0045,0.004,0.003
32971084,0.0,0.0,0.0
38639380,0.0,0.00011999999999999999,0.0002
91308642,0.0,0.0,0.0
108124602,0.0,0.0,0.0
23634383,0.0001,2e-05,0.0
135782706,0.0,0.0,0.0
23896806,0.0,0.0,0.0
76858837,0.0042,0.00625,0.0014
89864020,0.0335,0.0095,0.0298
8639213,0.0,0.00066,0.0004
133252382,0.0,0.0,0.0
39019242,0.0042,0.0009699999999999999,0.0034
117227874,0.0,0.0029100000000000003,0.0112
2694638,0.0791,0.16213,0.1456
68849663,0.0,0.0,0.0
112451146,0.0129,0.0037700000000000003,0.0126
7581641,0.0009,0.00124,0.0004
94038110,0.0,0.0,0.0
70301616,0.0,1e-05,0.0
88500847,0.0327,0.09365,0.097
2760829,0.0002,5.9999999999999995e-05,0.0
103018219,0.0027,0.00065,0.0032
115229413,0.0016,0.00081,0.0032
6026883,0.0,0.0,0.0
16460881,0.0,0.0025,0.0018
43606651,0.0,0.0001,0.0
29560127,0.0002,0.0,0.0
7615942,0.0086,0.0029100000000000003,0.0092
80452172,0.0822,0.07482,0.0597
32913342,0.0,1e-05,0.0
32900750,0.0,0.0,0.0
139401429,0.0009,0.00022,0.0002
161332346,0.0,0.10287,0.1288
47542779,0.1432,0.12109,0.0735
40902608,0.0009,0.00085,0.0004
15648715,0.093,0.09623999999999999,0.0825
133152348,0.0001,1e-05,0.0
76922310,0.0,0.00033,0.0
68857463,0.0,0.0,0.0
152809527,0.0,0.48103,0.0
112173500,0.0,0.0,0.0
179451290,0.0,8e-05,0.0002
37053493,0.0,5.9999999999999995e-05,0.0
42744587,0.1883,0.2132,0.153
150990336,0.0,0.0,0.0
128780714,0.035,0.02795,0.0583
7184431,0.0,0.0,0.0
43622096,0.0001,1e-05,0.0002
49441847,0.0,0.0,0.0
23894085,0.0,0.0,0.0
57971842,0.0003,0.00049,0.0
2606529,0.0,0.0,0.0
103246700,0.1815,0.29058,0.3149
29676213,0.0,0.0,0.0
28854372,0.0021,0.00055,0.0012
5785368,0.001,0.0002,0.0006
32968933,0.0,8e-05,0.0
90699265,0.0,0.0,0.0
153582601,0.0,0.0,0.0
102510361,0.0,0.0,0.0
32929111,0.0,0.0,0.0
50331754,0.0012,0.0009599999999999999,0.0008
41209170,0.0001,5e-05,0.0006
21788220,0.0014,0.00134,0.0026
32456459,0.0029,0.0008,0.0011
93524145,0.0,0.0,0.0
100874154,0.0018,0.00325,0.001
4856376,0.0,0.0,0.0
32907098,0.0,0.0,0.0
132427063,0.0029,0.00172,0.0008
35250961,0.0301,0.00966,0.0355
108153499,0.0001,1e-05,0.0
32994073,0.0037,0.0023,0.0038
152542056,0.0,0.0,0.0
33144827,0.0001,0.00157,0.0008
33904388,0.0,5.9999999999999995e-05,0.0
15851757,0.0003,0.00018999999999999998,0.0004
104268921,0.0,0.0,0.0
38145582,0.1319,0.11562,0.0
73437319,0.0,0.00016999999999999999,0.0002
32936769,0.0,0.0,0.0
117251717,0.0,1e-05,0.0002
39996027,0.282,0.30408,0.242
29130626,0.0,0.0,0.0
48377499,0.0,0.0,0.0
48379494,0.0157,0.00433,0.015
11218112,0.0,0.0,0.0
145416584,0.0252,0.0069700000000000005,0.0266
98927469,0.0191,0.00561,0.0192
59853810,0.0,0.0,0.0
17408831,0.0334,0.03739,0.0152
48030647,0.0,5.9999999999999995e-05,0.0
24134007,0.0,0.0,0.0
126790280,0.0019,0.0017100000000000001,0.0012
108225561,0.0,0.0,0.0
22242756,0.0006,0.00065,0.0
90499510,0.0046,0.0013800000000000002,0.0054
47765811,0.0004,0.00036,0.0
29701130,0.0,0.0,0.0
38958397,0.0068,0.0016600000000000002,0.0072
20763642,0.0025,0.045380000000000004,0.0719
148904436,0.0,0.0,0.0
179569147,0.0024,0.0018,0.0022
201046095,0.0,0.00067,0.0
20717030,0.002,0.00403,0.001
38956856,0.0,0.00011,0.0002
112111368,0.0,0.0,0.0
64489552,0.0001,0.00157,0.0018
91622303,0.0025,0.0018,0.0012
111958584,0.0,1e-05,0.0
32911236,0.0,0.0,0.0
166895930,0.0,0.0,0.0
100866229,0.0002,7e-05,0.0002
73571718,0.0002,0.00026000000000000003,0.0
189933587,0.0002,0.00031,0.0006
152342389,0.0,0.0,0.0
1219420,0.0,0.0,0.0
128481312,0.004,0.00413,0.0016
68548130,0.0,2e-05,0.0
47592666,0.0018,0.00041,0.0008
179426671,0.0,0.0001,0.0002
73615630,0.0,0.00032,0.0
144098634,0.019,0.0068,0.0236
68704480,0.0088,0.00249,0.0104
135771697,0.0,0.0,0.0
7573987,0.0,0.0,0.0
112090572,0.0,0.0,0.0
149826503,0.0,0.0,0.0
47635556,0.0,1e-05,0.0
3778427,0.0,0.0,0.0
152647522,0.0005,0.00011999999999999999,0.0002
68244396,0.0,0.0,0.0
10671599,0.0,0.0,0.0
44856750,0.0,0.00033999999999999997,0.0
78778764,0.0001,0.00286,0.0062
1220735,0.0,0.0,0.0
73485123,0.0001,4e-05,0.0002
981942,0.0029,0.0087,0.0114
37663322,0.0034,0.004,0.0016
128496611,0.0,0.0,0.0
29121264,0.0,0.0,0.0
29121013,0.0,0.0,0.0
179435337,0.0904,0.08837,0.1432
91729145,0.0038,0.00093,0.0042
224611,0.0001,1e-05,0.0
64591900,0.0,0.00011999999999999999,0.0002
112557371,0.0,5e-05,0.0
44157797,0.0075,0.00252,0.0048
45658415,0.0095,0.0027,0.01
180337678,0.0002,4e-05,0.0
29092893,0.0,2.9999999999999997e-05,0.0
112164568,0.0,0.0,0.0
149828857,0.0,0.0,0.0
61460340,0.1796,0.25034,0.2029
38850470,0.0,0.0,0.0
7581747,0.0001,8e-05,0.0002
31821240,0.3328,0.39876999999999996,0.0
23646891,0.0,0.0,0.0
32913966,0.0,2.9999999999999997e-05,0.0
101983889,0.0,0.0,0.0
37070385,0.0,0.0,0.0
45171842,0.0,0.0,0.0
55373793,0.0024,0.00324,0.0018
12660200,0.0,0.0,0.0
41246885,0.0,0.00011999999999999999,0.0002
29130696,0.0001,5e-05,0.0002
122277891,0.0113,0.013430000000000001,0.019
3149140,0.0057,0.00386,0.0096
22196491,0.0,0.0,0.0
17125805,0.0001,2.9999999999999997e-05,0.0
127730865,0.0001,2e-05,0.0
89598356,0.0069,0.00518,0.003
43043159,0.0002,0.00234,0.006
72234088,0.0001,4e-05,0.0
187195373,0.0689,0.03519,0.0629
100179851,0.1032,0.09906000000000001,0.1234
108202275,0.0,0.0,0.0
32005736,0.0,0.0022600000000000003,0.0048
78398175,0.003,0.00218,0.006
29091240,0.0,5e-05,0.0
52895932,0.0003,0.00022999999999999998,0.0002
45797026,0.0,0.0,0.0
29653141,0.0,0.0,0.0
48026851,0.0,1e-05,0.0002
414824,0.0077,0.00563,0.0016
11097199,0.0,0.0,0.0
45798772,0.0,0.0,0.0
41573672,0.0002,0.00013000000000000002,0.0004
50964907,0.0105,0.015590000000000001,0.0072
32900793,0.0004,0.00053,0.0
229567741,0.0,0.0,0.0
103645082,0.1061,0.041819999999999996,0.1078
101486914,0.0002,0.00011,0.0004
65369486,0.0,9e-05,0.0014
37183766,0.001,0.00109,0.0006
108201068,0.0,0.0,0.0
22015989,0.0009,0.00162,0.0018
32945129,0.0,0.0,0.0
20763485,0.0,0.00036,0.0016
112128185,0.0,1e-05,0.0
6303974,0.0048,0.00486,0.0038
131930697,0.0,0.0,0.0
103126969,0.0144,0.00514,0.0182
47558412,0.0016,0.03134,0.0
23901077,0.0,0.0,0.0
64519561,0.0,0.00062,0.0024
24495274,0.0,0.00011,0.0
50365663,0.0,0.0,0.0
108151821,0.0,2e-05,0.0
59937220,0.0,0.0,0.0
179466502,0.0,0.0,0.0
88635834,0.0,2.9999999999999997e-05,0.0
33434397,0.0,0.0,0.0
46662534,0.0024,0.00058,0.0022
23647060,0.0,2e-05,0.0
59763397,0.0,0.0,0.0
88406270,0.0,0.0,0.0
34938310,0.205,0.1677,0.1927
2794937,0.0,0.00301,0.0
128485140,0.0,0.0,0.0
32911064,0.0,0.0,0.0
112178880,0.0,1e-05,0.0
97888864,0.0,1e-05,0.0
215645882,0.0002,0.00011,0.0
59885923,0.0,1e-05,0.0
73760144,0.0436,0.01784,0.0373
131926976,0.0,2.9999999999999997e-05,0.0
23619289,0.0,0.0,0.0
128627862,0.0003,0.00022,0.0002
48371397,0.0026,0.00064,0.0016
59763232,0.0,0.0,0.0
88891261,0.0,7e-05,0.0
152708334,0.0006,0.00058,0.0006
21266774,0.1325,0.08302000000000001,0.2213
179441831,0.0,0.00125,0.0032
11545665,0.0089,0.00903,0.0044
78185927,0.0002,9e-05,0.0002
225592184,0.0052,0.00158,0.0072
30916678,0.0002,5e-05,0.0
95599697,0.0,0.0,0.0
130592049,0.0,0.0,0.0
21249840,0.0,0.0,0.0
23641779,0.0,0.0,0.0
166245713,0.0002,9e-05,0.0
32200161,0.0255,0.0201,0.0224
121746430,0.0,0.0034200000000000003,0.0509
75843201,0.0,2.9999999999999997e-05,0.0
2112539,0.0,0.0,0.0
108117812,0.0,2.9999999999999997e-05,0.0
153586878,0.0,0.00014,0.0008
1774907,0.0073,0.00525,0.0034
56370674,0.0,0.0,0.0
89725214,0.0002,5.9999999999999995e-05,0.0004
94211969,0.0002,2.9999999999999997e-05,0.0
139401872,0.0,0.00039,0.0006
36594853,0.0329,0.03897,0.0204
1220501,0.0,2e-05,0.0
92147459,0.0028,0.00059,0.0022
215593659,0.0,1e-05,0.0
55672151,0.0016,0.0011099999999999999,0.0006
86067488,0.0002,0.00031,0.0014
137710725,0.0,5e-05,0.0002
123949348,0.0,0.0,0.0
5969225,0.0,0.01111,0.0096
139400979,0.0001,0.00037,0.0004
22025603,0.0002,7e-05,0.0002
6038812,0.0,1e-05,0.0
32913239,0.0001,0.0,0.0
32913623,0.0,0.0,0.0
120458348,0.0005,0.00011999999999999999,0.0008
43615071,0.0,2.9999999999999997e-05,0.0
6636106,0.1854,0.19327,0.2312
152553770,0.0,0.0,0.0
41860587,0.0636,0.06357,0.0413
74750437,0.0033,0.0011,0.0038
1207149,0.0,2e-05,0.0
32912328,0.0,0.0,0.0
47630392,0.0,0.0,0.0
101476180,0.0029,0.00078,0.0022
32954216,0.0,1e-05,0.0
114267117,0.0003,0.00011999999999999999,0.0
47409007,0.0,0.0,0.0
48593566,0.0,0.0,0.0
66299515,0.0,0.0,0.0
115120945,0.0066,0.00642,0.0024
35250910,0.0001,0.0005099999999999999,0.001
36592570,0.0,0.00028,0.0
29083878,0.0001,0.0001,0.0
145813986,0.0,0.0,0.0
103057048,0.0,0.0,0.0
98994134,0.0774,0.11544000000000001,0.0689
98209320,0.0003,0.0001,0.0002
11222196,0.0,0.0,0.0
179416403,0.0,0.0,0.0
32907301,0.0,0.0,0.0
148422309,0.0145,0.0034700000000000004,0.0076
40699921,0.0,0.0,0.0
23637612,0.0,0.0,0.0
94180469,0.0,2.9999999999999997e-05,0.0
40300214,0.0,0.0,0.0
41215349,0.0,0.0,0.0
112170724,0.0,0.0,0.0
236902618,0.0006,0.00055,0.0002
17326767,0.012,0.0183,0.0062
140707992,0.0044,0.0,0.0
98009805,0.0002,8e-05,0.0
179539812,0.0015,0.00441,0.006
29115373,0.0,2.9999999999999997e-05,0.0
23403725,0.0,0.0,0.0
43598056,0.0,5e-05,0.0
131944889,0.0042,0.00145,0.0072
179440599,0.0,1e-05,0.0
6026676,0.0,1e-05,0.0
35061676,0.0061,0.0019199999999999998,0.0042
56770036,0.0,0.0,0.0
6638385,0.0007,0.00036,0.0
47786754,0.0,0.00133,0.0022
68772296,0.0,0.0,0.0
40916272,0.0113,0.0,0.0136
179575399,0.0,0.0,0.0
32950897,0.0,2e-05,0.0
57423564,0.0002,0.00015,0.0
57494027,0.0011,0.00303,0.0006
1803271,0.0196,0.015059999999999999,0.0292
51255307,0.0008,0.00103,0.0
150647100,0.0,0.00016,0.0
179495525,0.0,0.0,0.0
22301077,0.0289,0.03073,0.0142
36615075,0.0,0.00358,0.0078
179469456,0.0,2e-05,0.0
5926507,0.349,0.46043,0.3197
31571786,0.0,0.0,0.0
139395311,0.0601,0.09652999999999999,0.0383
152737573,0.0025,0.00158,0.0006
144288651,0.0,0.0,0.0
7579402,0.0,0.0,0.0
33430320,0.0,0.0,0.0
51019001,0.0009,0.00115,0.0
215610566,0.0,5e-05,0.0
22169325,0.0145,0.01305,0.0062
43614995,0.0,7e-05,0.0002
1776212,0.0,1e-05,0.0
38995999,0.0042,0.00158,0.0066
7542274,0.0667,0.09798,0.0609
48025765,0.0001,2.9999999999999997e-05,0.0002
38622467,0.0,0.0,0.0
32971118,0.0,0.0,0.0
32900269,0.0,0.0,0.0
7565596,0.0004,0.00015,0.0004
32899300,0.0,0.0,0.0
87056176,0.1685,0.10565,0.1703
17313454,0.2153,0.27393,0.3065
6533415,0.0038,0.0015199999999999999,0.0062
152584203,0.0,2.9999999999999997e-05,0.0
63554307,0.0284,0.03996,0.0787
36595665,0.0034,0.00201,0.0012
61451332,0.0494,0.047869999999999996,0.022
73824941,0.0002,0.0007099999999999999,0.0002
216073427,0.0116,0.00322,0.0102
32353511,0.0,0.0,0.0
179449186,0.0019,0.00883,0.013
27328620,0.0021,0.00082,0.002
13397324,0.0153,0.02072,0.0094
25584285,0.003,0.00605,0.0016
219646907,0.0,0.0008900000000000001,0.0
241667533,0.0,0.0,0.0
43052756,0.0,1e-05,0.0
11215906,0.0,0.0,0.0
29085139,0.0,2e-05,0.0
216172376,0.0,0.00098,0.0018
150644550,0.0,0.0,0.0
179438978,0.0,0.00021,0.0006
48703520,0.0027,0.0007700000000000001,0.0022
135771721,0.0,0.0,0.0
216465677,0.0,2e-05,0.0
48575067,0.0,0.0,0.0
13923528,0.0035,0.0008900000000000001,0.0028
45353794,0.0001,2.9999999999999997e-05,0.0
112179113,0.0,0.0,0.0
18622382,0.0009,0.00014,0.0003
108235895,0.0,0.0,0.0
10032401,0.0011,0.00108,0.0006
179433671,0.0,1e-05,0.0
161332133,0.0,0.0,0.0
16445959,0.0,0.0,0.0
51240316,0.0,0.0,0.0
33312657,0.0002,0.00011999999999999999,0.0
215657005,0.0,2.9999999999999997e-05,0.0
11224266,0.0,0.0,0.0
47369430,0.0,0.0,0.0
125830970,0.0,0.0,0.0
49574890,0.0,2e-05,0.0
135778008,0.0,0.0,0.0
196822004,0.0,0.0,0.0
40450602,0.0189,0.00609,0.0164
238274346,0.0002,0.00029,0.0
197073157,0.0,0.00155,0.0006
29519852,0.0067,0.00198,0.0078
48026969,0.0,0.0,0.0
114439025,0.0166,0.01563,0.0038
179393344,0.0,0.0001,0.0
34046452,0.0201,0.00564,0.0228
11216205,0.0,0.0,0.0
32953643,0.0,0.0,0.0
123741490,0.0011,0.00045,0.0014
37092094,0.0,0.0,0.0
179429977,0.0,9e-05,0.0
11113997,0.0604,0.06746,0.0609
149772932,0.0927,0.06473999999999999,0.0623
137688202,0.0108,0.0028899999999999998,0.0096
6414445,0.0,0.0,0.0
48380926,0.0,0.0,0.0
28116337,0.0,1e-05,0.0
170177325,0.0017,0.0034200000000000003,0.0012
39076607,0.0,0.0,0.0
47412654,0.0266,0.01683,0.019
215617176,0.0,5e-05,0.0
114238896,0.0,0.0,0.0
94794849,0.0,0.0,0.0
59821931,0.0,0.0,0.0
78093133,0.0557,0.05329,0.1014
43812255,0.0,0.0030600000000000002,0.0056
13008632,0.0,7e-05,0.0002
57433051,0.0013,0.02459,0.0226
86545048,0.0098,0.00479,0.0192
64488739,0.0076,0.0019,0.0068
166764313,0.0112,0.0037600000000000003,0.0142
170482986,0.0002,0.00015,0.0004
21186121,0.0001,2e-05,0.0
21998603,0.0004,0.00014,0.0014
19811767,0.0,0.00247,0.0034
71153322,0.0028,0.00404,0.0008
74128556,0.0,0.0,0.0
73836162,0.4841,0.37058,0.4902
237791260,0.0001,5e-05,0.0002
21178818,0.0002,5.9999999999999995e-05,0.0
112525344,0.0,0.00053,0.0
21640338,0.004,0.0033299999999999996,0.0002
133212519,0.0001,2.9999999999999997e-05,0.0
37896896,0.0822,0.09477999999999999,0.0663
43669774,0.0,0.0,0.0
38935305,0.0,1e-05,0.0
133141779,0.0003,0.00037999999999999997,0.0004
29175210,0.0005,0.00066,0.0
94514477,0.0011,0.00114,0.0016
179469756,0.0,0.0006799999999999999,0.0014
44189371,0.0,0.0,0.0
108153555,0.0001,0.0,0.0
133226295,0.0,0.0,0.0
11213417,0.0,0.0,0.0
88891231,0.0001,0.00022,0.0
39281963,0.0,0.0,0.0
38663917,0.0007,0.0002,0.0
32591931,0.1335,0.11654,0.1105
76564897,0.0019,0.013609999999999999,0.0138
2127595,0.0008,0.00084,0.0004
61750674,0.0,0.0,0.0
220422126,0.0029,0.00244,0.0012
152529148,0.0004,0.0001,0.0
37226814,0.0,0.00126,0.0074
23641783,0.0,0.0,0.0
32486789,0.0002,7e-05,0.0
41928070,0.0039,0.00139,0.0034
9862825,0.0,0.00025,0.0
64455123,0.0202,0.047510000000000004,0.0485
4802088,0.0018,0.00085,0.002
32913845,0.0,0.0,0.0
50919868,0.0,0.00056,0.0
36583651,0.1457,0.10644,0.1228
